timestamp,cpu_percent,memory_percent,memory_used_gb,memory_total_gb,disk_percent,process_count,network_io,load_average
2026-02-11T18:26:02.595651,19.3,82.6,12.964942932128906,15.698810577392578,66.4,325,"{'bytes_sent': 2134032, 'bytes_recv': 2294682, 'packets_sent': 10143, 'packets_recv': 7122, 'errin': 0, 'errout': 0, 'dropin': 0, 'dropout': 0}","(0.27, 0.47, 0.4)"
2026-02-11T18:26:03.717317,10.9,78.4,12.308284759521484,15.698810577392578,66.4,325,"{'bytes_sent': 2134032, 'bytes_recv': 2294682, 'packets_sent': 10143, 'packets_recv': 7122, 'errin': 0, 'errout': 0, 'dropin': 0, 'dropout': 0}","(0.24, 0.46, 0.4)"
2026-02-11T18:26:04.849497,6.3,78.9,12.386043548583984,15.698810577392578,66.4,325,"{'bytes_sent': 2134032, 'bytes_recv': 2294682, 'packets_sent': 10143, 'packets_recv': 7122, 'errin': 0, 'errout': 0, 'dropin': 0, 'dropout': 0}","(0.24, 0.46, 0.4)"
2026-02-11T18:26:05.979782,3.8,79.5,12.477462768554688,15.698810577392578,66.4,325,"{'bytes_sent': 2134032, 'bytes_recv': 2294682, 'packets_sent': 10143, 'packets_recv': 7122, 'errin': 0, 'errout': 0, 'dropin': 0, 'dropout': 0}","(0.24, 0.46, 0.4)"
2026-02-11T18:26:07.092809,1.6,80.1,12.578399658203125,15.698810577392578,66.4,325,"{'bytes_sent': 2134032, 'bytes_recv': 2294682, 'packets_sent': 10143, 'packets_recv': 7122, 'errin': 0, 'errout': 0, 'dropin': 0, 'dropout': 0}","(0.24, 0.46, 0.4)"
2026-02-11T18:26:08.206129,4.3,80.8,12.682025909423828,15.698810577392578,66.4,325,"{'bytes_sent': 2134032, 'bytes_recv': 2294682, 'packets_sent': 10143, 'packets_recv': 7122, 'errin': 0, 'errout': 0, 'dropin': 0, 'dropout': 0}","(0.38, 0.49, 0.41)"
2026-02-11T18:26:09.320352,8.0,81.5,12.797859191894531,15.698810577392578,66.4,325,"{'bytes_sent': 2134032, 'bytes_recv': 2294682, 'packets_sent': 10143, 'packets_recv': 7122, 'errin': 0, 'errout': 0, 'dropin': 0, 'dropout': 0}","(0.38, 0.49, 0.41)"
2026-02-11T18:26:10.434054,1.4,82.3,12.926628112792969,15.698810577392578,66.4,325,"{'bytes_sent': 2134032, 'bytes_recv': 2294682, 'packets_sent': 10143, 'packets_recv': 7122, 'errin': 0, 'errout': 0, 'dropin': 0, 'dropout': 0}","(0.38, 0.49, 0.41)"
2026-02-11T18:26:11.547023,9.5,83.3,13.076915740966797,15.698810577392578,66.4,325,"{'bytes_sent': 2134032, 'bytes_recv': 2294682, 'packets_sent': 10143, 'packets_recv': 7122, 'errin': 0, 'errout': 0, 'dropin': 0, 'dropout': 0}","(0.38, 0.49, 0.41)"
2026-02-11T18:26:12.661284,4.4,84.4,13.252609252929688,15.698810577392578,66.4,325,"{'bytes_sent': 2134032, 'bytes_recv': 2294682, 'packets_sent': 10143, 'packets_recv': 7122, 'errin': 0, 'errout': 0, 'dropin': 0, 'dropout': 0}","(0.38, 0.49, 0.41)"
2026-02-11T18:26:13.774436,6.4,85.8,13.469146728515625,15.698810577392578,66.4,325,"{'bytes_sent': 2134032, 'bytes_recv': 2294682, 'packets_sent': 10143, 'packets_recv': 7122, 'errin': 0, 'errout': 0, 'dropin': 0, 'dropout': 0}","(0.35, 0.48, 0.41)"
2026-02-11T18:26:14.887202,4.7,87.4,13.719581604003906,15.698810577392578,66.4,327,"{'bytes_sent': 2134032, 'bytes_recv': 2294682, 'packets_sent': 10143, 'packets_recv': 7122, 'errin': 0, 'errout': 0, 'dropin': 0, 'dropout': 0}","(0.35, 0.48, 0.41)"
2026-02-11T18:26:15.999511,6.0,88.6,13.904460906982422,15.698810577392578,66.4,325,"{'bytes_sent': 2134032, 'bytes_recv': 2294682, 'packets_sent': 10143, 'packets_recv': 7122, 'errin': 0, 'errout': 0, 'dropin': 0, 'dropout': 0}","(0.35, 0.48, 0.41)"
2026-02-11T18:26:17.114375,12.8,89.2,14.004592895507812,15.698810577392578,66.4,327,"{'bytes_sent': 2134032, 'bytes_recv': 2294682, 'packets_sent': 10143, 'packets_recv': 7122, 'errin': 0, 'errout': 0, 'dropin': 0, 'dropout': 0}","(0.35, 0.48, 0.41)"
2026-02-11T18:26:18.226578,10.6,88.9,13.953666687011719,15.698810577392578,66.4,325,"{'bytes_sent': 2134032, 'bytes_recv': 2294682, 'packets_sent': 10143, 'packets_recv': 7122, 'errin': 0, 'errout': 0, 'dropin': 0, 'dropout': 0}","(0.33, 0.47, 0.41)"
2026-02-11T18:26:19.339887,6.5,89.6,14.067474365234375,15.698810577392578,66.4,327,"{'bytes_sent': 2134032, 'bytes_recv': 2294682, 'packets_sent': 10143, 'packets_recv': 7122, 'errin': 0, 'errout': 0, 'dropin': 0, 'dropout': 0}","(0.33, 0.47, 0.41)"
2026-02-11T18:26:20.453379,6.0,90.2,14.157768249511719,15.698810577392578,66.4,325,"{'bytes_sent': 2134032, 'bytes_recv': 2294682, 'packets_sent': 10143, 'packets_recv': 7122, 'errin': 0, 'errout': 0, 'dropin': 0, 'dropout': 0}","(0.33, 0.47, 0.41)"
2026-02-11T18:26:21.567760,3.2,90.8,14.253341674804688,15.698810577392578,66.4,325,"{'bytes_sent': 2134032, 'bytes_recv': 2294682, 'packets_sent': 10143, 'packets_recv': 7122, 'errin': 0, 'errout': 0, 'dropin': 0, 'dropout': 0}","(0.33, 0.47, 0.41)"
2026-02-11T18:26:22.680922,6.5,91.3,14.339813232421875,15.698810577392578,66.4,325,"{'bytes_sent': 2134032, 'bytes_recv': 2294682, 'packets_sent': 10143, 'packets_recv': 7122, 'errin': 0, 'errout': 0, 'dropin': 0, 'dropout': 0}","(0.33, 0.47, 0.41)"
2026-02-11T18:26:23.794083,3.9,91.9,14.426700592041016,15.698810577392578,66.4,325,"{'bytes_sent': 2134032, 'bytes_recv': 2294682, 'packets_sent': 10143, 'packets_recv': 7122, 'errin': 0, 'errout': 0, 'dropin': 0, 'dropout': 0}","(0.3, 0.46, 0.4)"
2026-02-11T18:26:24.908976,9.1,92.5,14.516490936279297,15.698810577392578,66.4,325,"{'bytes_sent': 2134032, 'bytes_recv': 2294682, 'packets_sent': 10143, 'packets_recv': 7122, 'errin': 0, 'errout': 0, 'dropin': 0, 'dropout': 0}","(0.3, 0.46, 0.4)"
2026-02-11T18:26:26.019705,2.5,93.1,14.611343383789062,15.698810577392578,66.4,325,"{'bytes_sent': 2134032, 'bytes_recv': 2294682, 'packets_sent': 10143, 'packets_recv': 7122, 'errin': 0, 'errout': 0, 'dropin': 0, 'dropout': 0}","(0.3, 0.46, 0.4)"
2026-02-11T18:26:27.133422,23.7,93.7,14.70767593383789,15.698810577392578,66.4,325,"{'bytes_sent': 2134032, 'bytes_recv': 2294682, 'packets_sent': 10143, 'packets_recv': 7122, 'errin': 0, 'errout': 0, 'dropin': 0, 'dropout': 0}","(0.3, 0.46, 0.4)"
2026-02-11T18:26:28.247073,0.0,94.3,14.807727813720703,15.698810577392578,66.4,325,"{'bytes_sent': 2134032, 'bytes_recv': 2294682, 'packets_sent': 10143, 'packets_recv': 7122, 'errin': 0, 'errout': 0, 'dropin': 0, 'dropout': 0}","(0.28, 0.46, 0.4)"
2026-02-11T18:26:29.375772,0.0,95.0,14.910881042480469,15.698810577392578,66.4,325,"{'bytes_sent': 2134032, 'bytes_recv': 2294682, 'packets_sent': 10143, 'packets_recv': 7122, 'errin': 0, 'errout': 0, 'dropin': 0, 'dropout': 0}","(0.28, 0.46, 0.4)"
2026-02-11T18:26:30.504907,1.6,95.7,15.024730682373047,15.698810577392578,66.4,325,"{'bytes_sent': 2134032, 'bytes_recv': 2294682, 'packets_sent': 10143, 'packets_recv': 7122, 'errin': 0, 'errout': 0, 'dropin': 0, 'dropout': 0}","(0.28, 0.46, 0.4)"
2026-02-11T18:26:31.618188,21.4,95.7,15.024784088134766,15.698810577392578,66.4,325,"{'bytes_sent': 2134032, 'bytes_recv': 2294682, 'packets_sent': 10143, 'packets_recv': 7122, 'errin': 0, 'errout': 0, 'dropin': 0, 'dropout': 0}","(0.28, 0.46, 0.4)"
2026-02-11T18:26:32.732281,3.2,96.6,15.158607482910156,15.698810577392578,66.4,325,"{'bytes_sent': 2134032, 'bytes_recv': 2294682, 'packets_sent': 10143, 'packets_recv': 7122, 'errin': 0, 'errout': 0, 'dropin': 0, 'dropout': 0}","(0.28, 0.46, 0.4)"
2026-02-11T18:26:33.860569,9.5,96.6,15.168567657470703,15.698810577392578,66.4,325,"{'bytes_sent': 2134032, 'bytes_recv': 2294682, 'packets_sent': 10143, 'packets_recv': 7122, 'errin': 0, 'errout': 0, 'dropin': 0, 'dropout': 0}","(0.25, 0.45, 0.4)"
2026-02-11T18:26:34.975138,7.4,96.3,15.113460540771484,15.698810577392578,66.4,325,"{'bytes_sent': 2134032, 'bytes_recv': 2294682, 'packets_sent': 10143, 'packets_recv': 7122, 'errin': 0, 'errout': 0, 'dropin': 0, 'dropout': 0}","(0.25, 0.45, 0.4)"
2026-02-11T18:26:36.089128,23.9,98.0,15.378582000732422,15.698810577392578,66.4,325,"{'bytes_sent': 2134032, 'bytes_recv': 2294682, 'packets_sent': 10143, 'packets_recv': 7122, 'errin': 0, 'errout': 0, 'dropin': 0, 'dropout': 0}","(0.25, 0.45, 0.4)"
2026-02-11T18:26:37.202501,44.9,96.8,15.188674926757812,15.698810577392578,66.4,324,"{'bytes_sent': 2134032, 'bytes_recv': 2294682, 'packets_sent': 10143, 'packets_recv': 7122, 'errin': 0, 'errout': 0, 'dropin': 0, 'dropout': 0}","(0.25, 0.45, 0.4)"
2026-02-11T18:26:38.327763,57.3,94.6,14.853919982910156,15.698810577392578,66.4,324,"{'bytes_sent': 2134032, 'bytes_recv': 2294682, 'packets_sent': 10143, 'packets_recv': 7122, 'errin': 0, 'errout': 0, 'dropin': 0, 'dropout': 0}","(0.23, 0.44, 0.4)"
2026-02-11T18:26:39.459724,51.4,90.8,14.246902465820312,15.698810577392578,66.4,324,"{'bytes_sent': 2134032, 'bytes_recv': 2294682, 'packets_sent': 10143, 'packets_recv': 7122, 'errin': 0, 'errout': 0, 'dropin': 0, 'dropout': 0}","(0.23, 0.44, 0.4)"
2026-02-11T18:26:40.589292,45.9,87.4,13.714313507080078,15.698810577392578,66.4,324,"{'bytes_sent': 2134032, 'bytes_recv': 2294682, 'packets_sent': 10143, 'packets_recv': 7122, 'errin': 0, 'errout': 0, 'dropin': 0, 'dropout': 0}","(0.23, 0.44, 0.4)"
2026-02-11T18:26:41.703649,32.1,81.2,12.741756439208984,15.698810577392578,66.4,324,"{'bytes_sent': 2134032, 'bytes_recv': 2294682, 'packets_sent': 10143, 'packets_recv': 7122, 'errin': 0, 'errout': 0, 'dropin': 0, 'dropout': 0}","(0.23, 0.44, 0.4)"
2026-02-11T18:26:42.817275,42.4,78.5,12.31894302368164,15.698810577392578,66.4,325,"{'bytes_sent': 2134032, 'bytes_recv': 2294682, 'packets_sent': 10143, 'packets_recv': 7122, 'errin': 0, 'errout': 0, 'dropin': 0, 'dropout': 0}","(0.21, 0.43, 0.4)"
2026-02-11T18:26:43.947003,53.5,78.4,12.310802459716797,15.698810577392578,66.4,325,"{'bytes_sent': 2134032, 'bytes_recv': 2294682, 'packets_sent': 10143, 'packets_recv': 7122, 'errin': 0, 'errout': 0, 'dropin': 0, 'dropout': 0}","(0.21, 0.43, 0.4)"
2026-02-11T18:26:45.062081,18.8,78.4,12.309955596923828,15.698810577392578,66.4,325,"{'bytes_sent': 2134032, 'bytes_recv': 2294682, 'packets_sent': 10143, 'packets_recv': 7122, 'errin': 0, 'errout': 0, 'dropin': 0, 'dropout': 0}","(0.21, 0.43, 0.4)"
2026-02-11T18:26:46.185990,22.6,78.4,12.31350326538086,15.698810577392578,66.4,325,"{'bytes_sent': 2134032, 'bytes_recv': 2294682, 'packets_sent': 10143, 'packets_recv': 7122, 'errin': 0, 'errout': 0, 'dropin': 0, 'dropout': 0}","(0.21, 0.43, 0.4)"
2026-02-11T18:26:47.299579,64.4,78.4,12.31411361694336,15.698810577392578,66.4,325,"{'bytes_sent': 2134032, 'bytes_recv': 2294682, 'packets_sent': 10143, 'packets_recv': 7122, 'errin': 0, 'errout': 0, 'dropin': 0, 'dropout': 0}","(0.21, 0.43, 0.4)"
2026-02-11T18:26:48.413342,45.8,78.5,12.316761016845703,15.698810577392578,66.4,325,"{'bytes_sent': 2134032, 'bytes_recv': 2294682, 'packets_sent': 10143, 'packets_recv': 7122, 'errin': 0, 'errout': 0, 'dropin': 0, 'dropout': 0}","(0.2, 0.43, 0.39)"
2026-02-11T18:26:49.527858,38.8,78.8,12.373939514160156,15.698810577392578,66.4,325,"{'bytes_sent': 2134032, 'bytes_recv': 2294682, 'packets_sent': 10143, 'packets_recv': 7122, 'errin': 0, 'errout': 0, 'dropin': 0, 'dropout': 0}","(0.2, 0.43, 0.39)"
2026-02-11T18:26:50.641373,25.0,78.9,12.386287689208984,15.698810577392578,66.4,325,"{'bytes_sent': 2134032, 'bytes_recv': 2294682, 'packets_sent': 10143, 'packets_recv': 7122, 'errin': 0, 'errout': 0, 'dropin': 0, 'dropout': 0}","(0.2, 0.43, 0.39)"
2026-02-11T18:26:51.753835,13.4,79.0,12.400093078613281,15.698810577392578,66.4,325,"{'bytes_sent': 2134032, 'bytes_recv': 2294682, 'packets_sent': 10143, 'packets_recv': 7122, 'errin': 0, 'errout': 0, 'dropin': 0, 'dropout': 0}","(0.2, 0.43, 0.39)"
2026-02-11T18:26:52.868443,60.0,79.0,12.407440185546875,15.698810577392578,66.4,325,"{'bytes_sent': 2134032, 'bytes_recv': 2294682, 'packets_sent': 10143, 'packets_recv': 7122, 'errin': 0, 'errout': 0, 'dropin': 0, 'dropout': 0}","(0.18, 0.42, 0.39)"
2026-02-11T18:26:53.997399,24.7,79.0,12.405498504638672,15.698810577392578,66.4,325,"{'bytes_sent': 2134032, 'bytes_recv': 2294682, 'packets_sent': 10143, 'packets_recv': 7122, 'errin': 0, 'errout': 0, 'dropin': 0, 'dropout': 0}","(0.18, 0.42, 0.39)"
2026-02-11T18:26:55.111599,12.5,79.0,12.405235290527344,15.698810577392578,66.4,325,"{'bytes_sent': 2134032, 'bytes_recv': 2294682, 'packets_sent': 10143, 'packets_recv': 7122, 'errin': 0, 'errout': 0, 'dropin': 0, 'dropout': 0}","(0.18, 0.42, 0.39)"
2026-02-11T18:26:56.249591,21.2,79.2,12.440479278564453,15.698810577392578,66.4,325,"{'bytes_sent': 2134032, 'bytes_recv': 2294682, 'packets_sent': 10143, 'packets_recv': 7122, 'errin': 0, 'errout': 0, 'dropin': 0, 'dropout': 0}","(0.18, 0.42, 0.39)"
2026-02-11T18:26:57.366967,61.0,79.2,12.439689636230469,15.698810577392578,66.4,325,"{'bytes_sent': 2134032, 'bytes_recv': 2294682, 'packets_sent': 10143, 'packets_recv': 7122, 'errin': 0, 'errout': 0, 'dropin': 0, 'dropout': 0}","(0.18, 0.42, 0.39)"
2026-02-11T18:26:58.481355,35.7,79.2,12.441307067871094,15.698810577392578,66.4,325,"{'bytes_sent': 2134032, 'bytes_recv': 2294682, 'packets_sent': 10143, 'packets_recv': 7122, 'errin': 0, 'errout': 0, 'dropin': 0, 'dropout': 0}","(0.17, 0.41, 0.39)"
2026-02-11T18:26:59.594663,33.7,79.2,12.439376831054688,15.698810577392578,66.4,325,"{'bytes_sent': 2134032, 'bytes_recv': 2294682, 'packets_sent': 10143, 'packets_recv': 7122, 'errin': 0, 'errout': 0, 'dropin': 0, 'dropout': 0}","(0.17, 0.41, 0.39)"
2026-02-11T18:27:00.709003,54.1,79.3,12.441883087158203,15.698810577392578,66.4,325,"{'bytes_sent': 2134032, 'bytes_recv': 2294682, 'packets_sent': 10143, 'packets_recv': 7122, 'errin': 0, 'errout': 0, 'dropin': 0, 'dropout': 0}","(0.17, 0.41, 0.39)"
2026-02-11T18:27:01.821455,41.0,79.2,12.44073486328125,15.698810577392578,66.4,325,"{'bytes_sent': 2134032, 'bytes_recv': 2294682, 'packets_sent': 10143, 'packets_recv': 7122, 'errin': 0, 'errout': 0, 'dropin': 0, 'dropout': 0}","(0.17, 0.41, 0.39)"
2026-02-11T18:27:02.951741,59.8,79.3,12.448810577392578,15.698810577392578,66.4,325,"{'bytes_sent': 2134032, 'bytes_recv': 2294682, 'packets_sent': 10143, 'packets_recv': 7122, 'errin': 0, 'errout': 0, 'dropin': 0, 'dropout': 0}","(0.15, 0.41, 0.39)"
2026-02-11T18:27:04.066461,16.7,79.4,12.45931625366211,15.698810577392578,66.4,325,"{'bytes_sent': 2134032, 'bytes_recv': 2294682, 'packets_sent': 10143, 'packets_recv': 7122, 'errin': 0, 'errout': 0, 'dropin': 0, 'dropout': 0}","(0.15, 0.41, 0.39)"
2026-02-11T18:27:05.210577,32.1,79.4,12.458240509033203,15.698810577392578,66.4,325,"{'bytes_sent': 2134032, 'bytes_recv': 2294682, 'packets_sent': 10143, 'packets_recv': 7122, 'errin': 0, 'errout': 0, 'dropin': 0, 'dropout': 0}","(0.15, 0.41, 0.39)"
2026-02-11T18:27:06.352188,45.8,79.4,12.458511352539062,15.698810577392578,66.4,325,"{'bytes_sent': 2134032, 'bytes_recv': 2294682, 'packets_sent': 10143, 'packets_recv': 7122, 'errin': 0, 'errout': 0, 'dropin': 0, 'dropout': 0}","(0.15, 0.41, 0.39)"
2026-02-11T18:27:07.465925,50.0,79.4,12.458244323730469,15.698810577392578,66.4,325,"{'bytes_sent': 2134032, 'bytes_recv': 2294682, 'packets_sent': 10143, 'packets_recv': 7122, 'errin': 0, 'errout': 0, 'dropin': 0, 'dropout': 0}","(0.15, 0.41, 0.39)"
2026-02-11T18:27:08.579643,39.7,79.3,12.450492858886719,15.698810577392578,66.4,325,"{'bytes_sent': 2134032, 'bytes_recv': 2294682, 'packets_sent': 10143, 'packets_recv': 7122, 'errin': 0, 'errout': 0, 'dropin': 0, 'dropout': 0}","(0.14, 0.4, 0.38)"
2026-02-11T18:27:09.693344,48.6,79.3,12.455024719238281,15.698810577392578,66.4,325,"{'bytes_sent': 2134032, 'bytes_recv': 2294682, 'packets_sent': 10143, 'packets_recv': 7122, 'errin': 0, 'errout': 0, 'dropin': 0, 'dropout': 0}","(0.14, 0.4, 0.38)"
2026-02-11T18:27:10.808154,25.0,79.3,12.449993133544922,15.698810577392578,66.4,325,"{'bytes_sent': 2134032, 'bytes_recv': 2294682, 'packets_sent': 10143, 'packets_recv': 7122, 'errin': 0, 'errout': 0, 'dropin': 0, 'dropout': 0}","(0.14, 0.4, 0.38)"
2026-02-11T18:27:11.926168,20.8,79.3,12.444496154785156,15.698810577392578,66.4,325,"{'bytes_sent': 2134032, 'bytes_recv': 2294682, 'packets_sent': 10143, 'packets_recv': 7122, 'errin': 0, 'errout': 0, 'dropin': 0, 'dropout': 0}","(0.14, 0.4, 0.38)"
2026-02-11T18:27:13.049282,45.8,79.4,12.458076477050781,15.698810577392578,66.4,325,"{'bytes_sent': 2134032, 'bytes_recv': 2294682, 'packets_sent': 10143, 'packets_recv': 7122, 'errin': 0, 'errout': 0, 'dropin': 0, 'dropout': 0}","(0.13, 0.39, 0.38)"
2026-02-11T18:27:14.165076,38.0,79.4,12.457317352294922,15.698810577392578,66.4,325,"{'bytes_sent': 2134032, 'bytes_recv': 2294682, 'packets_sent': 10143, 'packets_recv': 7122, 'errin': 0, 'errout': 0, 'dropin': 0, 'dropout': 0}","(0.13, 0.39, 0.38)"
2026-02-11T18:27:15.291764,49.4,79.3,12.456703186035156,15.698810577392578,66.4,325,"{'bytes_sent': 2134032, 'bytes_recv': 2294682, 'packets_sent': 10143, 'packets_recv': 7122, 'errin': 0, 'errout': 0, 'dropin': 0, 'dropout': 0}","(0.13, 0.39, 0.38)"
2026-02-11T18:27:16.418416,37.6,79.4,12.458023071289062,15.698810577392578,66.4,325,"{'bytes_sent': 2134032, 'bytes_recv': 2294682, 'packets_sent': 10143, 'packets_recv': 7122, 'errin': 0, 'errout': 0, 'dropin': 0, 'dropout': 0}","(0.13, 0.39, 0.38)"
2026-02-11T18:27:17.564728,35.1,79.4,12.457141876220703,15.698810577392578,66.4,325,"{'bytes_sent': 2134032, 'bytes_recv': 2294682, 'packets_sent': 10143, 'packets_recv': 7122, 'errin': 0, 'errout': 0, 'dropin': 0, 'dropout': 0}","(0.13, 0.39, 0.38)"
2026-02-11T18:27:18.678608,61.6,79.3,12.449298858642578,15.698810577392578,66.4,325,"{'bytes_sent': 2134032, 'bytes_recv': 2294682, 'packets_sent': 10143, 'packets_recv': 7122, 'errin': 0, 'errout': 0, 'dropin': 0, 'dropout': 0}","(0.12, 0.39, 0.38)"
2026-02-11T18:27:19.791819,10.7,79.2,12.441207885742188,15.698810577392578,66.4,325,"{'bytes_sent': 2134032, 'bytes_recv': 2294682, 'packets_sent': 10143, 'packets_recv': 7122, 'errin': 0, 'errout': 0, 'dropin': 0, 'dropout': 0}","(0.12, 0.39, 0.38)"
2026-02-11T18:27:20.906183,22.6,79.3,12.448772430419922,15.698810577392578,66.4,325,"{'bytes_sent': 2134032, 'bytes_recv': 2294682, 'packets_sent': 10143, 'packets_recv': 7122, 'errin': 0, 'errout': 0, 'dropin': 0, 'dropout': 0}","(0.12, 0.39, 0.38)"
2026-02-11T18:27:22.021187,19.8,79.3,12.452896118164062,15.698810577392578,66.4,325,"{'bytes_sent': 2134032, 'bytes_recv': 2294682, 'packets_sent': 10143, 'packets_recv': 7122, 'errin': 0, 'errout': 0, 'dropin': 0, 'dropout': 0}","(0.12, 0.39, 0.38)"
2026-02-11T18:27:23.149335,47.8,79.3,12.455387115478516,15.698810577392578,66.4,325,"{'bytes_sent': 2134032, 'bytes_recv': 2294682, 'packets_sent': 10143, 'packets_recv': 7122, 'errin': 0, 'errout': 0, 'dropin': 0, 'dropout': 0}","(0.11, 0.38, 0.38)"
2026-02-11T18:27:24.262700,32.0,79.3,12.456779479980469,15.698810577392578,66.4,325,"{'bytes_sent': 2134032, 'bytes_recv': 2294682, 'packets_sent': 10143, 'packets_recv': 7122, 'errin': 0, 'errout': 0, 'dropin': 0, 'dropout': 0}","(0.11, 0.38, 0.38)"
2026-02-11T18:27:25.392188,20.4,79.3,12.455791473388672,15.698810577392578,66.4,325,"{'bytes_sent': 2134032, 'bytes_recv': 2294682, 'packets_sent': 10143, 'packets_recv': 7122, 'errin': 0, 'errout': 0, 'dropin': 0, 'dropout': 0}","(0.11, 0.38, 0.38)"
2026-02-11T18:27:26.534190,31.5,79.3,12.455345153808594,15.698810577392578,66.4,325,"{'bytes_sent': 2134032, 'bytes_recv': 2294682, 'packets_sent': 10143, 'packets_recv': 7122, 'errin': 0, 'errout': 0, 'dropin': 0, 'dropout': 0}","(0.11, 0.38, 0.38)"
2026-02-11T18:27:27.648821,90.8,80.0,12.552902221679688,15.698810577392578,66.4,326,"{'bytes_sent': 2134694, 'bytes_recv': 2295032, 'packets_sent': 10148, 'packets_recv': 7123, 'errin': 0, 'errout': 0, 'dropin': 0, 'dropout': 0}","(0.11, 0.38, 0.38)"
2026-02-11T18:27:28.792716,89.9,80.3,12.60382080078125,15.698810577392578,66.4,329,"{'bytes_sent': 2136491, 'bytes_recv': 2295116, 'packets_sent': 10173, 'packets_recv': 7125, 'errin': 0, 'errout': 0, 'dropin': 0, 'dropout': 0}","(0.18, 0.39, 0.38)"
2026-02-11T18:27:29.938151,64.0,80.3,12.613662719726562,15.698810577392578,66.4,326,"{'bytes_sent': 2139075, 'bytes_recv': 2295116, 'packets_sent': 10205, 'packets_recv': 7125, 'errin': 0, 'errout': 0, 'dropin': 0, 'dropout': 0}","(0.18, 0.39, 0.38)"
2026-02-11T18:27:31.070163,93.9,80.9,12.702030181884766,15.698810577392578,66.4,328,"{'bytes_sent': 2143588, 'bytes_recv': 2298279, 'packets_sent': 10242, 'packets_recv': 7152, 'errin': 0, 'errout': 0, 'dropin': 0, 'dropout': 0}","(0.18, 0.39, 0.38)"
2026-02-11T18:27:32.229409,94.4,80.7,12.672733306884766,15.698810577392578,66.4,330,"{'bytes_sent': 2149033, 'bytes_recv': 2307250, 'packets_sent': 10313, 'packets_recv': 7178, 'errin': 0, 'errout': 0, 'dropin': 0, 'dropout': 0}","(0.18, 0.39, 0.38)"
2026-02-11T18:27:33.386189,70.1,81.0,12.721599578857422,15.698810577392578,66.4,332,"{'bytes_sent': 2153457, 'bytes_recv': 2342532, 'packets_sent': 10348, 'packets_recv': 7213, 'errin': 0, 'errout': 0, 'dropin': 0, 'dropout': 0}","(0.17, 0.38, 0.38)"
2026-02-11T18:27:34.531498,64.4,81.1,12.726825714111328,15.698810577392578,66.4,332,"{'bytes_sent': 2156569, 'bytes_recv': 2350537, 'packets_sent': 10355, 'packets_recv': 7229, 'errin': 0, 'errout': 0, 'dropin': 0, 'dropout': 0}","(0.17, 0.38, 0.38)"
2026-02-11T18:27:35.661648,61.4,81.1,12.725959777832031,15.698810577392578,66.4,331,"{'bytes_sent': 2160428, 'bytes_recv': 2350737, 'packets_sent': 10397, 'packets_recv': 7231, 'errin': 0, 'errout': 0, 'dropin': 0, 'dropout': 0}","(0.17, 0.38, 0.38)"
2026-02-11T18:27:36.806765,71.1,81.1,12.727313995361328,15.698810577392578,66.4,331,"{'bytes_sent': 2164169, 'bytes_recv': 2350877, 'packets_sent': 10409, 'packets_recv': 7233, 'errin': 0, 'errout': 0, 'dropin': 0, 'dropout': 0}","(0.17, 0.38, 0.38)"
2026-02-11T18:27:37.937762,50.6,81.1,12.730812072753906,15.698810577392578,66.4,331,"{'bytes_sent': 2164169, 'bytes_recv': 2351060, 'packets_sent': 10409, 'packets_recv': 7236, 'errin': 0, 'errout': 0, 'dropin': 0, 'dropout': 0}","(0.15, 0.38, 0.38)"
2026-02-11T18:27:39.080704,50.6,81.1,12.731800079345703,15.698810577392578,66.4,331,"{'bytes_sent': 2171024, 'bytes_recv': 2354049, 'packets_sent': 10431, 'packets_recv': 7241, 'errin': 0, 'errout': 0, 'dropin': 0, 'dropout': 0}","(0.15, 0.38, 0.38)"
2026-02-11T18:27:40.211758,58.0,81.1,12.733436584472656,15.698810577392578,66.4,331,"{'bytes_sent': 2173928, 'bytes_recv': 2361826, 'packets_sent': 10466, 'packets_recv': 7268, 'errin': 0, 'errout': 0, 'dropin': 0, 'dropout': 0}","(0.15, 0.38, 0.38)"
2026-02-11T18:27:41.352440,56.3,81.1,12.72658920288086,15.698810577392578,66.4,332,"{'bytes_sent': 2185954, 'bytes_recv': 2370792, 'packets_sent': 10542, 'packets_recv': 7300, 'errin': 0, 'errout': 0, 'dropin': 0, 'dropout': 0}","(0.15, 0.38, 0.38)"
2026-02-11T18:27:42.467173,41.1,81.1,12.729728698730469,15.698810577392578,66.4,332,"{'bytes_sent': 2204571, 'bytes_recv': 2380470, 'packets_sent': 10635, 'packets_recv': 7344, 'errin': 0, 'errout': 0, 'dropin': 0, 'dropout': 0}","(0.15, 0.38, 0.38)"
2026-02-11T18:27:43.595588,58.1,81.1,12.732196807861328,15.698810577392578,66.4,332,"{'bytes_sent': 2215525, 'bytes_recv': 2399665, 'packets_sent': 10693, 'packets_recv': 7401, 'errin': 0, 'errout': 0, 'dropin': 0, 'dropout': 0}","(0.14, 0.37, 0.38)"
2026-02-11T18:27:44.709676,32.4,81.1,12.731029510498047,15.698810577392578,66.4,332,"{'bytes_sent': 2224323, 'bytes_recv': 2432411, 'packets_sent': 10741, 'packets_recv': 7469, 'errin': 0, 'errout': 0, 'dropin': 0, 'dropout': 0}","(0.14, 0.37, 0.38)"
2026-02-11T18:27:45.825798,32.9,81.1,12.726207733154297,15.698810577392578,66.4,332,"{'bytes_sent': 2230271, 'bytes_recv': 2459869, 'packets_sent': 10770, 'packets_recv': 7526, 'errin': 0, 'errout': 0, 'dropin': 0, 'dropout': 0}","(0.14, 0.37, 0.38)"
2026-02-11T18:27:46.968988,59.5,81.1,12.733146667480469,15.698810577392578,66.4,332,"{'bytes_sent': 2238116, 'bytes_recv': 2481459, 'packets_sent': 10805, 'packets_recv': 7562, 'errin': 0, 'errout': 0, 'dropin': 0, 'dropout': 0}","(0.14, 0.37, 0.38)"
2026-02-11T18:27:48.098252,22.6,81.1,12.731739044189453,15.698810577392578,66.4,332,"{'bytes_sent': 2254434, 'bytes_recv': 2507431, 'packets_sent': 10887, 'packets_recv': 7609, 'errin': 0, 'errout': 0, 'dropin': 0, 'dropout': 0}","(0.13, 0.36, 0.37)"
2026-02-11T18:27:49.231147,41.2,81.2,12.74008560180664,15.698810577392578,66.4,332,"{'bytes_sent': 2264205, 'bytes_recv': 2527335, 'packets_sent': 10945, 'packets_recv': 7659, 'errin': 0, 'errout': 0, 'dropin': 0, 'dropout': 0}","(0.13, 0.36, 0.37)"
2026-02-11T18:27:50.369710,42.9,80.9,12.697296142578125,15.698810577392578,66.4,332,"{'bytes_sent': 2278122, 'bytes_recv': 2542153, 'packets_sent': 10991, 'packets_recv': 7698, 'errin': 0, 'errout': 0, 'dropin': 0, 'dropout': 0}","(0.13, 0.36, 0.37)"
2026-02-11T18:27:51.483403,37.9,80.9,12.695056915283203,15.698810577392578,66.4,332,"{'bytes_sent': 2285505, 'bytes_recv': 2555777, 'packets_sent': 11023, 'packets_recv': 7720, 'errin': 0, 'errout': 0, 'dropin': 0, 'dropout': 0}","(0.13, 0.36, 0.37)"
2026-02-11T18:27:52.597933,32.9,80.9,12.704139709472656,15.698810577392578,66.4,332,"{'bytes_sent': 2294437, 'bytes_recv': 2561555, 'packets_sent': 11052, 'packets_recv': 7742, 'errin': 0, 'errout': 0, 'dropin': 0, 'dropout': 0}","(0.13, 0.36, 0.37)"
2026-02-11T18:27:53.711799,56.5,81.0,12.709712982177734,15.698810577392578,66.4,332,"{'bytes_sent': 2297712, 'bytes_recv': 2577878, 'packets_sent': 11074, 'packets_recv': 7765, 'errin': 0, 'errout': 0, 'dropin': 0, 'dropout': 0}","(0.12, 0.36, 0.37)"
2026-02-11T18:27:54.824496,43.5,80.9,12.706626892089844,15.698810577392578,66.4,332,"{'bytes_sent': 2302917, 'bytes_recv': 2592316, 'packets_sent': 11098, 'packets_recv': 7788, 'errin': 0, 'errout': 0, 'dropin': 0, 'dropout': 0}","(0.12, 0.36, 0.37)"
2026-02-11T18:27:55.939469,39.3,81.0,12.711551666259766,15.698810577392578,66.4,332,"{'bytes_sent': 2314766, 'bytes_recv': 2603684, 'packets_sent': 11154, 'packets_recv': 7811, 'errin': 0, 'errout': 0, 'dropin': 0, 'dropout': 0}","(0.12, 0.36, 0.37)"
2026-02-11T18:27:57.053247,27.9,81.0,12.709774017333984,15.698810577392578,66.4,332,"{'bytes_sent': 2315049, 'bytes_recv': 2619958, 'packets_sent': 11158, 'packets_recv': 7839, 'errin': 0, 'errout': 0, 'dropin': 0, 'dropout': 0}","(0.12, 0.36, 0.37)"
2026-02-11T18:27:58.182696,39.3,81.0,12.711681365966797,15.698810577392578,66.4,332,"{'bytes_sent': 2320929, 'bytes_recv': 2635144, 'packets_sent': 11176, 'packets_recv': 7850, 'errin': 0, 'errout': 0, 'dropin': 0, 'dropout': 0}","(0.11, 0.35, 0.37)"
2026-02-11T18:27:59.313761,44.0,81.0,12.716533660888672,15.698810577392578,66.4,332,"{'bytes_sent': 2323762, 'bytes_recv': 2650565, 'packets_sent': 11194, 'packets_recv': 7892, 'errin': 0, 'errout': 0, 'dropin': 0, 'dropout': 0}","(0.11, 0.35, 0.37)"
2026-02-11T18:28:00.437097,28.2,81.1,12.729900360107422,15.698810577392578,66.4,332,"{'bytes_sent': 2329495, 'bytes_recv': 2658623, 'packets_sent': 11224, 'packets_recv': 7909, 'errin': 0, 'errout': 0, 'dropin': 0, 'dropout': 0}","(0.11, 0.35, 0.37)"
2026-02-11T18:28:01.567249,39.2,81.0,12.723155975341797,15.698810577392578,66.4,332,"{'bytes_sent': 2334939, 'bytes_recv': 2665690, 'packets_sent': 11268, 'packets_recv': 7931, 'errin': 0, 'errout': 0, 'dropin': 0, 'dropout': 0}","(0.11, 0.35, 0.37)"
2026-02-11T18:28:02.680533,33.3,81.0,12.721820831298828,15.698810577392578,66.4,332,"{'bytes_sent': 2346479, 'bytes_recv': 2666945, 'packets_sent': 11302, 'packets_recv': 7949, 'errin': 0, 'errout': 0, 'dropin': 0, 'dropout': 0}","(0.11, 0.35, 0.37)"
2026-02-11T18:28:03.810069,36.5,81.0,12.70831298828125,15.698810577392578,66.4,331,"{'bytes_sent': 2358061, 'bytes_recv': 2717866, 'packets_sent': 11362, 'packets_recv': 8010, 'errin': 0, 'errout': 0, 'dropin': 0, 'dropout': 0}","(0.1, 0.35, 0.37)"
2026-02-11T18:28:04.923435,24.1,81.0,12.721752166748047,15.698810577392578,66.4,331,"{'bytes_sent': 2361404, 'bytes_recv': 2752344, 'packets_sent': 11387, 'packets_recv': 8053, 'errin': 0, 'errout': 0, 'dropin': 0, 'dropout': 0}","(0.1, 0.35, 0.37)"
2026-02-11T18:28:06.038459,42.9,81.0,12.71600341796875,15.698810577392578,66.4,331,"{'bytes_sent': 2376193, 'bytes_recv': 2776864, 'packets_sent': 11461, 'packets_recv': 8089, 'errin': 0, 'errout': 0, 'dropin': 0, 'dropout': 0}","(0.1, 0.35, 0.37)"
2026-02-11T18:28:07.167065,50.0,81.0,12.713321685791016,15.698810577392578,66.4,331,"{'bytes_sent': 2384900, 'bytes_recv': 2809904, 'packets_sent': 11511, 'packets_recv': 8121, 'errin': 0, 'errout': 0, 'dropin': 0, 'dropout': 0}","(0.1, 0.35, 0.37)"
2026-02-11T18:28:08.297600,26.4,81.0,12.710517883300781,15.698810577392578,66.4,331,"{'bytes_sent': 2391407, 'bytes_recv': 2844754, 'packets_sent': 11547, 'packets_recv': 8155, 'errin': 0, 'errout': 0, 'dropin': 0, 'dropout': 0}","(0.09, 0.34, 0.36)"
2026-02-11T18:28:09.421458,29.1,81.0,12.72243881225586,15.698810577392578,66.4,331,"{'bytes_sent': 2408823, 'bytes_recv': 2914247, 'packets_sent': 11621, 'packets_recv': 8232, 'errin': 0, 'errout': 0, 'dropin': 0, 'dropout': 0}","(0.09, 0.34, 0.36)"
2026-02-11T18:28:10.536177,27.4,81.0,12.717658996582031,15.698810577392578,66.4,331,"{'bytes_sent': 2412656, 'bytes_recv': 2937411, 'packets_sent': 11628, 'packets_recv': 8254, 'errin': 0, 'errout': 0, 'dropin': 0, 'dropout': 0}","(0.09, 0.34, 0.36)"
2026-02-11T18:28:11.665527,53.5,81.0,12.710929870605469,15.698810577392578,66.4,331,"{'bytes_sent': 2412656, 'bytes_recv': 2946700, 'packets_sent': 11628, 'packets_recv': 8262, 'errin': 0, 'errout': 0, 'dropin': 0, 'dropout': 0}","(0.09, 0.34, 0.36)"
2026-02-11T18:28:12.794117,23.8,81.0,12.719379425048828,15.698810577392578,66.4,331,"{'bytes_sent': 2413414, 'bytes_recv': 2954270, 'packets_sent': 11629, 'packets_recv': 8267, 'errin': 0, 'errout': 0, 'dropin': 0, 'dropout': 0}","(0.09, 0.34, 0.36)"
2026-02-11T18:28:13.909708,48.8,81.0,12.712841033935547,15.698810577392578,66.4,331,"{'bytes_sent': 2415109, 'bytes_recv': 2956016, 'packets_sent': 11632, 'packets_recv': 8270, 'errin': 0, 'errout': 0, 'dropin': 0, 'dropout': 0}","(0.09, 0.34, 0.36)"
2026-02-11T18:28:15.024578,31.4,81.0,12.71145248413086,15.698810577392578,66.4,331,"{'bytes_sent': 2416309, 'bytes_recv': 2977021, 'packets_sent': 11648, 'packets_recv': 8289, 'errin': 0, 'errout': 0, 'dropin': 0, 'dropout': 0}","(0.09, 0.34, 0.36)"
2026-02-11T18:28:16.153916,29.4,81.0,12.713748931884766,15.698810577392578,66.4,331,"{'bytes_sent': 2418988, 'bytes_recv': 3005244, 'packets_sent': 11659, 'packets_recv': 8336, 'errin': 0, 'errout': 0, 'dropin': 0, 'dropout': 0}","(0.09, 0.34, 0.36)"
2026-02-11T18:28:17.267124,47.0,81.0,12.714900970458984,15.698810577392578,66.4,331,"{'bytes_sent': 2435590, 'bytes_recv': 3024847, 'packets_sent': 11747, 'packets_recv': 8373, 'errin': 0, 'errout': 0, 'dropin': 0, 'dropout': 0}","(0.09, 0.34, 0.36)"
2026-02-11T18:28:18.398112,51.6,81.0,12.723155975341797,15.698810577392578,66.4,331,"{'bytes_sent': 2442122, 'bytes_recv': 3058802, 'packets_sent': 11791, 'packets_recv': 8425, 'errin': 0, 'errout': 0, 'dropin': 0, 'dropout': 0}","(0.08, 0.33, 0.36)"
2026-02-11T18:28:19.521772,40.5,81.0,12.722003936767578,15.698810577392578,66.4,331,"{'bytes_sent': 2458229, 'bytes_recv': 3077669, 'packets_sent': 11842, 'packets_recv': 8446, 'errin': 0, 'errout': 0, 'dropin': 0, 'dropout': 0}","(0.08, 0.33, 0.36)"
2026-02-11T18:28:20.635322,45.4,81.1,12.737068176269531,15.698810577392578,66.4,332,"{'bytes_sent': 2470210, 'bytes_recv': 3129072, 'packets_sent': 11905, 'packets_recv': 8500, 'errin': 0, 'errout': 0, 'dropin': 0, 'dropout': 0}","(0.08, 0.33, 0.36)"
2026-02-11T18:28:21.764775,34.9,81.3,12.766841888427734,15.698810577392578,66.4,332,"{'bytes_sent': 2479579, 'bytes_recv': 3174816, 'packets_sent': 11960, 'packets_recv': 8551, 'errin': 0, 'errout': 0, 'dropin': 0, 'dropout': 0}","(0.08, 0.33, 0.36)"
2026-02-11T18:28:22.895545,44.6,81.4,12.778640747070312,15.698810577392578,66.4,332,"{'bytes_sent': 2486440, 'bytes_recv': 3195949, 'packets_sent': 11977, 'packets_recv': 8574, 'errin': 0, 'errout': 0, 'dropin': 0, 'dropout': 0}","(0.08, 0.33, 0.36)"
2026-02-11T18:28:24.038881,45.2,81.4,12.775588989257812,15.698810577392578,66.4,332,"{'bytes_sent': 2504810, 'bytes_recv': 3216325, 'packets_sent': 12018, 'packets_recv': 8615, 'errin': 0, 'errout': 0, 'dropin': 0, 'dropout': 0}","(0.07, 0.32, 0.36)"
2026-02-11T18:28:25.184713,39.1,81.4,12.774322509765625,15.698810577392578,66.4,332,"{'bytes_sent': 2522412, 'bytes_recv': 3276312, 'packets_sent': 12093, 'packets_recv': 8692, 'errin': 0, 'errout': 0, 'dropin': 0, 'dropout': 0}","(0.07, 0.32, 0.36)"
2026-02-11T18:28:26.314928,40.9,81.4,12.778095245361328,15.698810577392578,66.4,332,"{'bytes_sent': 2535216, 'bytes_recv': 3409185, 'packets_sent': 12190, 'packets_recv': 8808, 'errin': 0, 'errout': 0, 'dropin': 0, 'dropout': 0}","(0.07, 0.32, 0.36)"
2026-02-11T18:28:27.440300,48.8,81.4,12.774810791015625,15.698810577392578,66.4,332,"{'bytes_sent': 2549989, 'bytes_recv': 3594197, 'packets_sent': 12290, 'packets_recv': 8947, 'errin': 0, 'errout': 0, 'dropin': 0, 'dropout': 0}","(0.07, 0.32, 0.36)"
2026-02-11T18:28:28.568308,35.7,81.4,12.779304504394531,15.698810577392578,66.4,332,"{'bytes_sent': 2560581, 'bytes_recv': 3745492, 'packets_sent': 12360, 'packets_recv': 9065, 'errin': 0, 'errout': 0, 'dropin': 0, 'dropout': 0}","(0.07, 0.32, 0.36)"
2026-02-11T18:28:29.699257,18.1,81.5,12.788944244384766,15.698810577392578,66.4,332,"{'bytes_sent': 2573093, 'bytes_recv': 3834576, 'packets_sent': 12431, 'packets_recv': 9142, 'errin': 0, 'errout': 0, 'dropin': 0, 'dropout': 0}","(0.07, 0.32, 0.36)"
2026-02-11T18:28:30.829927,39.5,81.7,12.828201293945312,15.698810577392578,66.4,332,"{'bytes_sent': 2595195, 'bytes_recv': 3907706, 'packets_sent': 12494, 'packets_recv': 9211, 'errin': 0, 'errout': 0, 'dropin': 0, 'dropout': 0}","(0.07, 0.32, 0.36)"
2026-02-11T18:28:31.961739,46.4,81.9,12.850635528564453,15.698810577392578,66.4,332,"{'bytes_sent': 2610179, 'bytes_recv': 3993373, 'packets_sent': 12549, 'packets_recv': 9294, 'errin': 0, 'errout': 0, 'dropin': 0, 'dropout': 0}","(0.07, 0.32, 0.36)"
2026-02-11T18:28:33.105314,38.3,81.8,12.847854614257812,15.698810577392578,66.4,332,"{'bytes_sent': 2618063, 'bytes_recv': 4187825, 'packets_sent': 12661, 'packets_recv': 9434, 'errin': 0, 'errout': 0, 'dropin': 0, 'dropout': 0}","(0.06, 0.31, 0.35)"
2026-02-11T18:28:34.249128,22.7,81.8,12.848014831542969,15.698810577392578,66.4,332,"{'bytes_sent': 2627155, 'bytes_recv': 4472615, 'packets_sent': 12799, 'packets_recv': 9628, 'errin': 0, 'errout': 0, 'dropin': 0, 'dropout': 0}","(0.06, 0.31, 0.35)"
2026-02-11T18:28:35.377285,41.7,81.8,12.846885681152344,15.698810577392578,66.4,332,"{'bytes_sent': 2637221, 'bytes_recv': 4762369, 'packets_sent': 12943, 'packets_recv': 9826, 'errin': 0, 'errout': 0, 'dropin': 0, 'dropout': 0}","(0.06, 0.31, 0.35)"
2026-02-11T18:28:36.519269,35.7,81.8,12.847049713134766,15.698810577392578,66.4,332,"{'bytes_sent': 2645108, 'bytes_recv': 4903453, 'packets_sent': 13022, 'packets_recv': 9925, 'errin': 0, 'errout': 0, 'dropin': 0, 'dropout': 0}","(0.06, 0.31, 0.35)"
2026-02-11T18:28:37.648240,46.1,81.8,12.844539642333984,15.698810577392578,66.4,332,"{'bytes_sent': 2653745, 'bytes_recv': 5129557, 'packets_sent': 13150, 'packets_recv': 10085, 'errin': 0, 'errout': 0, 'dropin': 0, 'dropout': 0}","(0.06, 0.31, 0.35)"
2026-02-11T18:28:38.762859,29.8,82.0,12.865596771240234,15.698810577392578,66.4,332,"{'bytes_sent': 2656278, 'bytes_recv': 5198171, 'packets_sent': 13184, 'packets_recv': 10139, 'errin': 0, 'errout': 0, 'dropin': 0, 'dropout': 0}","(0.14, 0.33, 0.36)"
2026-02-11T18:28:39.877125,27.6,81.9,12.851970672607422,15.698810577392578,66.4,332,"{'bytes_sent': 2658517, 'bytes_recv': 5239957, 'packets_sent': 13215, 'packets_recv': 10178, 'errin': 0, 'errout': 0, 'dropin': 0, 'dropout': 0}","(0.14, 0.33, 0.36)"
2026-02-11T18:28:41.006527,31.8,81.9,12.862586975097656,15.698810577392578,66.4,332,"{'bytes_sent': 2659065, 'bytes_recv': 5248311, 'packets_sent': 13221, 'packets_recv': 10186, 'errin': 0, 'errout': 0, 'dropin': 0, 'dropout': 0}","(0.14, 0.33, 0.36)"
2026-02-11T18:28:42.136931,28.2,81.9,12.860301971435547,15.698810577392578,66.4,332,"{'bytes_sent': 2662485, 'bytes_recv': 5281041, 'packets_sent': 13254, 'packets_recv': 10224, 'errin': 0, 'errout': 0, 'dropin': 0, 'dropout': 0}","(0.14, 0.33, 0.36)"
2026-02-11T18:28:43.250085,41.7,81.9,12.853302001953125,15.698810577392578,66.4,332,"{'bytes_sent': 2664033, 'bytes_recv': 5337472, 'packets_sent': 13280, 'packets_recv': 10265, 'errin': 0, 'errout': 0, 'dropin': 0, 'dropout': 0}","(0.13, 0.32, 0.36)"
2026-02-11T18:28:44.375595,56.8,81.9,12.85183334350586,15.698810577392578,66.4,332,"{'bytes_sent': 2667406, 'bytes_recv': 5423466, 'packets_sent': 13334, 'packets_recv': 10335, 'errin': 0, 'errout': 0, 'dropin': 0, 'dropout': 0}","(0.13, 0.32, 0.36)"
2026-02-11T18:28:45.489594,34.7,81.9,12.851428985595703,15.698810577392578,66.4,332,"{'bytes_sent': 2676446, 'bytes_recv': 5601320, 'packets_sent': 13403, 'packets_recv': 10463, 'errin': 0, 'errout': 0, 'dropin': 0, 'dropout': 0}","(0.13, 0.32, 0.36)"
2026-02-11T18:28:46.603306,36.9,81.9,12.854911804199219,15.698810577392578,66.4,332,"{'bytes_sent': 2681668, 'bytes_recv': 5798312, 'packets_sent': 13486, 'packets_recv': 10602, 'errin': 0, 'errout': 0, 'dropin': 0, 'dropout': 0}","(0.13, 0.32, 0.36)"
2026-02-11T18:28:47.732262,40.0,81.9,12.858806610107422,15.698810577392578,66.4,332,"{'bytes_sent': 2692113, 'bytes_recv': 5828617, 'packets_sent': 13530, 'packets_recv': 10635, 'errin': 0, 'errout': 0, 'dropin': 0, 'dropout': 0}","(0.13, 0.32, 0.36)"
2026-02-11T18:28:48.877108,58.3,81.9,12.857826232910156,15.698810577392578,66.4,332,"{'bytes_sent': 2694867, 'bytes_recv': 5861664, 'packets_sent': 13555, 'packets_recv': 10673, 'errin': 0, 'errout': 0, 'dropin': 0, 'dropout': 0}","(0.12, 0.31, 0.35)"
2026-02-11T18:28:50.008044,65.3,81.9,12.864978790283203,15.698810577392578,66.4,332,"{'bytes_sent': 2696379, 'bytes_recv': 5894210, 'packets_sent': 13577, 'packets_recv': 10701, 'errin': 0, 'errout': 0, 'dropin': 0, 'dropout': 0}","(0.12, 0.31, 0.35)"
2026-02-11T18:28:51.152548,70.5,81.8,12.837268829345703,15.698810577392578,66.4,331,"{'bytes_sent': 2696775, 'bytes_recv': 5918790, 'packets_sent': 13583, 'packets_recv': 10721, 'errin': 0, 'errout': 0, 'dropin': 0, 'dropout': 0}","(0.12, 0.31, 0.35)"
2026-02-11T18:28:52.283044,52.3,81.8,12.83681869506836,15.698810577392578,66.4,331,"{'bytes_sent': 2698633, 'bytes_recv': 5929760, 'packets_sent': 13590, 'packets_recv': 10734, 'errin': 0, 'errout': 0, 'dropin': 0, 'dropout': 0}","(0.12, 0.31, 0.35)"
2026-02-11T18:28:53.408269,31.4,81.8,12.840850830078125,15.698810577392578,66.4,331,"{'bytes_sent': 2704341, 'bytes_recv': 6076650, 'packets_sent': 13678, 'packets_recv': 10837, 'errin': 0, 'errout': 0, 'dropin': 0, 'dropout': 0}","(0.51, 0.39, 0.38)"
2026-02-11T18:28:54.552756,57.6,81.8,12.845767974853516,15.698810577392578,66.4,331,"{'bytes_sent': 2708571, 'bytes_recv': 6236668, 'packets_sent': 13747, 'packets_recv': 10951, 'errin': 0, 'errout': 0, 'dropin': 0, 'dropout': 0}","(0.51, 0.39, 0.38)"
2026-02-11T18:28:55.683098,31.0,81.8,12.848011016845703,15.698810577392578,66.4,331,"{'bytes_sent': 2716091, 'bytes_recv': 6470430, 'packets_sent': 13866, 'packets_recv': 11108, 'errin': 0, 'errout': 0, 'dropin': 0, 'dropout': 0}","(0.51, 0.39, 0.38)"
2026-02-11T18:28:56.796630,43.9,81.9,12.849594116210938,15.698810577392578,66.4,331,"{'bytes_sent': 2719571, 'bytes_recv': 6559954, 'packets_sent': 13922, 'packets_recv': 11172, 'errin': 0, 'errout': 0, 'dropin': 0, 'dropout': 0}","(0.51, 0.39, 0.38)"
2026-02-11T18:28:57.910492,26.8,81.8,12.847610473632812,15.698810577392578,66.4,331,"{'bytes_sent': 2723575, 'bytes_recv': 6685812, 'packets_sent': 13986, 'packets_recv': 11263, 'errin': 0, 'errout': 0, 'dropin': 0, 'dropout': 0}","(0.51, 0.39, 0.38)"
2026-02-11T18:28:59.024750,36.5,81.8,12.847015380859375,15.698810577392578,66.4,331,"{'bytes_sent': 2729917, 'bytes_recv': 6900312, 'packets_sent': 14086, 'packets_recv': 11411, 'errin': 0, 'errout': 0, 'dropin': 0, 'dropout': 0}","(0.47, 0.39, 0.38)"
2026-02-11T18:29:00.137702,39.8,81.8,12.84637451171875,15.698810577392578,66.4,331,"{'bytes_sent': 2734161, 'bytes_recv': 7034377, 'packets_sent': 14156, 'packets_recv': 11509, 'errin': 0, 'errout': 0, 'dropin': 0, 'dropout': 0}","(0.47, 0.39, 0.38)"
2026-02-11T18:29:01.252987,35.2,81.8,12.847034454345703,15.698810577392578,66.4,331,"{'bytes_sent': 2739121, 'bytes_recv': 7228311, 'packets_sent': 14234, 'packets_recv': 11645, 'errin': 0, 'errout': 0, 'dropin': 0, 'dropout': 0}","(0.47, 0.39, 0.38)"
2026-02-11T18:29:02.382674,30.6,81.8,12.846446990966797,15.698810577392578,66.4,331,"{'bytes_sent': 2746329, 'bytes_recv': 7442057, 'packets_sent': 14344, 'packets_recv': 11792, 'errin': 0, 'errout': 0, 'dropin': 0, 'dropout': 0}","(0.47, 0.39, 0.38)"
2026-02-11T18:29:03.507317,33.7,81.8,12.846534729003906,15.698810577392578,66.4,331,"{'bytes_sent': 2752644, 'bytes_recv': 7616695, 'packets_sent': 14434, 'packets_recv': 11913, 'errin': 0, 'errout': 0, 'dropin': 0, 'dropout': 0}","(0.43, 0.38, 0.38)"
2026-02-11T18:29:04.636886,11.9,81.8,12.8455810546875,15.698810577392578,66.4,331,"{'bytes_sent': 2762159, 'bytes_recv': 7838988, 'packets_sent': 14562, 'packets_recv': 12071, 'errin': 0, 'errout': 0, 'dropin': 0, 'dropout': 0}","(0.43, 0.38, 0.38)"
2026-02-11T18:29:05.750301,50.7,81.8,12.845706939697266,15.698810577392578,66.4,331,"{'bytes_sent': 2766186, 'bytes_recv': 7978482, 'packets_sent': 14627, 'packets_recv': 12172, 'errin': 0, 'errout': 0, 'dropin': 0, 'dropout': 0}","(0.43, 0.38, 0.38)"
2026-02-11T18:29:06.864224,47.2,81.8,12.845169067382812,15.698810577392578,66.4,331,"{'bytes_sent': 2772749, 'bytes_recv': 8153948, 'packets_sent': 14722, 'packets_recv': 12294, 'errin': 0, 'errout': 0, 'dropin': 0, 'dropout': 0}","(0.43, 0.38, 0.38)"
2026-02-11T18:29:07.978406,18.1,81.9,12.849601745605469,15.698810577392578,66.4,331,"{'bytes_sent': 2776307, 'bytes_recv': 8300485, 'packets_sent': 14781, 'packets_recv': 12397, 'errin': 0, 'errout': 0, 'dropin': 0, 'dropout': 0}","(0.43, 0.38, 0.38)"
2026-02-11T18:29:09.107644,47.7,81.8,12.848892211914062,15.698810577392578,66.4,331,"{'bytes_sent': 2781029, 'bytes_recv': 8467314, 'packets_sent': 14858, 'packets_recv': 12514, 'errin': 0, 'errout': 0, 'dropin': 0, 'dropout': 0}","(0.39, 0.37, 0.37)"
2026-02-11T18:29:10.223143,48.8,81.9,12.849571228027344,15.698810577392578,66.4,331,"{'bytes_sent': 2784766, 'bytes_recv': 8489574, 'packets_sent': 14874, 'packets_recv': 12532, 'errin': 0, 'errout': 0, 'dropin': 0, 'dropout': 0}","(0.39, 0.37, 0.37)"
2026-02-11T18:29:11.351384,51.2,81.9,12.85153579711914,15.698810577392578,66.4,331,"{'bytes_sent': 2788325, 'bytes_recv': 8553540, 'packets_sent': 14907, 'packets_recv': 12576, 'errin': 0, 'errout': 0, 'dropin': 0, 'dropout': 0}","(0.39, 0.37, 0.37)"
2026-02-11T18:29:12.475496,32.9,81.9,12.85147476196289,15.698810577392578,66.4,331,"{'bytes_sent': 2792775, 'bytes_recv': 8717311, 'packets_sent': 14982, 'packets_recv': 12694, 'errin': 0, 'errout': 0, 'dropin': 0, 'dropout': 0}","(0.39, 0.37, 0.37)"
2026-02-11T18:29:13.605005,28.9,81.9,12.851131439208984,15.698810577392578,66.4,331,"{'bytes_sent': 2799056, 'bytes_recv': 8860062, 'packets_sent': 15050, 'packets_recv': 12796, 'errin': 0, 'errout': 0, 'dropin': 0, 'dropout': 0}","(0.36, 0.37, 0.37)"
2026-02-11T18:29:14.719115,30.1,81.9,12.852104187011719,15.698810577392578,66.4,331,"{'bytes_sent': 2822371, 'bytes_recv': 8952786, 'packets_sent': 15101, 'packets_recv': 12870, 'errin': 0, 'errout': 0, 'dropin': 0, 'dropout': 0}","(0.36, 0.37, 0.37)"
2026-02-11T18:29:15.848478,31.1,81.9,12.851749420166016,15.698810577392578,66.4,331,"{'bytes_sent': 2868950, 'bytes_recv': 9026913, 'packets_sent': 15146, 'packets_recv': 12943, 'errin': 0, 'errout': 0, 'dropin': 0, 'dropout': 0}","(0.36, 0.37, 0.37)"
2026-02-11T18:29:16.963545,28.4,81.9,12.851516723632812,15.698810577392578,66.4,331,"{'bytes_sent': 2905873, 'bytes_recv': 9107795, 'packets_sent': 15185, 'packets_recv': 13009, 'errin': 0, 'errout': 0, 'dropin': 0, 'dropout': 0}","(0.36, 0.37, 0.37)"
2026-02-11T18:29:18.090448,39.8,81.9,12.859066009521484,15.698810577392578,66.4,331,"{'bytes_sent': 2921740, 'bytes_recv': 9250810, 'packets_sent': 15267, 'packets_recv': 13121, 'errin': 0, 'errout': 0, 'dropin': 0, 'dropout': 0}","(0.33, 0.36, 0.37)"
2026-02-11T18:29:19.206328,13.6,81.9,12.859657287597656,15.698810577392578,66.4,331,"{'bytes_sent': 2927562, 'bytes_recv': 9443430, 'packets_sent': 15350, 'packets_recv': 13260, 'errin': 0, 'errout': 0, 'dropin': 0, 'dropout': 0}","(0.33, 0.36, 0.37)"
2026-02-11T18:29:20.320617,70.6,81.9,12.857341766357422,15.698810577392578,66.4,331,"{'bytes_sent': 2933400, 'bytes_recv': 9608494, 'packets_sent': 15425, 'packets_recv': 13372, 'errin': 0, 'errout': 0, 'dropin': 0, 'dropout': 0}","(0.33, 0.36, 0.37)"
2026-02-11T18:29:21.446756,44.4,81.9,12.85702896118164,15.698810577392578,66.4,331,"{'bytes_sent': 2936312, 'bytes_recv': 9720048, 'packets_sent': 15473, 'packets_recv': 13447, 'errin': 0, 'errout': 0, 'dropin': 0, 'dropout': 0}","(0.33, 0.36, 0.37)"
2026-02-11T18:29:22.560238,38.8,81.9,12.856311798095703,15.698810577392578,66.4,331,"{'bytes_sent': 2939318, 'bytes_recv': 9827728, 'packets_sent': 15521, 'packets_recv': 13527, 'errin': 0, 'errout': 0, 'dropin': 0, 'dropout': 0}","(0.33, 0.36, 0.37)"
2026-02-11T18:29:23.688627,21.4,81.8,12.847110748291016,15.698810577392578,66.4,331,"{'bytes_sent': 2944080, 'bytes_recv': 10061839, 'packets_sent': 15602, 'packets_recv': 13687, 'errin': 0, 'errout': 0, 'dropin': 0, 'dropout': 0}","(0.31, 0.35, 0.37)"
2026-02-11T18:29:24.801580,21.2,81.8,12.846851348876953,15.698810577392578,66.4,331,"{'bytes_sent': 2949420, 'bytes_recv': 10255805, 'packets_sent': 15692, 'packets_recv': 13821, 'errin': 0, 'errout': 0, 'dropin': 0, 'dropout': 0}","(0.31, 0.35, 0.37)"
2026-02-11T18:29:25.916528,32.9,81.8,12.845836639404297,15.698810577392578,66.4,331,"{'bytes_sent': 2954794, 'bytes_recv': 10404898, 'packets_sent': 15779, 'packets_recv': 13926, 'errin': 0, 'errout': 0, 'dropin': 0, 'dropout': 0}","(0.31, 0.35, 0.37)"
2026-02-11T18:29:27.030700,8.3,81.8,12.844783782958984,15.698810577392578,66.4,331,"{'bytes_sent': 2959403, 'bytes_recv': 10564493, 'packets_sent': 15855, 'packets_recv': 14036, 'errin': 0, 'errout': 0, 'dropin': 0, 'dropout': 0}","(0.31, 0.35, 0.37)"
2026-02-11T18:29:28.145158,26.4,81.8,12.846466064453125,15.698810577392578,66.4,331,"{'bytes_sent': 2963527, 'bytes_recv': 10729227, 'packets_sent': 15923, 'packets_recv': 14147, 'errin': 0, 'errout': 0, 'dropin': 0, 'dropout': 0}","(0.28, 0.35, 0.37)"
2026-02-11T18:29:29.259082,32.0,81.8,12.845157623291016,15.698810577392578,66.4,331,"{'bytes_sent': 2971555, 'bytes_recv': 10965257, 'packets_sent': 16049, 'packets_recv': 14308, 'errin': 0, 'errout': 0, 'dropin': 0, 'dropout': 0}","(0.28, 0.35, 0.37)"
2026-02-11T18:29:30.388561,49.0,81.8,12.847274780273438,15.698810577392578,66.4,331,"{'bytes_sent': 2977323, 'bytes_recv': 11040377, 'packets_sent': 16096, 'packets_recv': 14366, 'errin': 0, 'errout': 0, 'dropin': 0, 'dropout': 0}","(0.28, 0.35, 0.37)"
2026-02-11T18:29:31.521108,20.0,81.8,12.846973419189453,15.698810577392578,66.4,331,"{'bytes_sent': 2988255, 'bytes_recv': 11302972, 'packets_sent': 16219, 'packets_recv': 14552, 'errin': 0, 'errout': 0, 'dropin': 0, 'dropout': 0}","(0.28, 0.35, 0.37)"
2026-02-11T18:29:32.642363,55.6,81.8,12.84671401977539,15.698810577392578,66.4,331,"{'bytes_sent': 2993597, 'bytes_recv': 11481238, 'packets_sent': 16306, 'packets_recv': 14675, 'errin': 0, 'errout': 0, 'dropin': 0, 'dropout': 0}","(0.28, 0.35, 0.37)"
2026-02-11T18:29:33.757065,38.4,81.8,12.845882415771484,15.698810577392578,66.4,331,"{'bytes_sent': 2997977, 'bytes_recv': 11639020, 'packets_sent': 16378, 'packets_recv': 14783, 'errin': 0, 'errout': 0, 'dropin': 0, 'dropout': 0}","(0.26, 0.34, 0.36)"
2026-02-11T18:29:34.869931,53.6,81.8,12.846660614013672,15.698810577392578,66.4,331,"{'bytes_sent': 3002449, 'bytes_recv': 11799402, 'packets_sent': 16452, 'packets_recv': 14900, 'errin': 0, 'errout': 0, 'dropin': 0, 'dropout': 0}","(0.26, 0.34, 0.36)"
2026-02-11T18:29:35.984117,12.0,81.8,12.846088409423828,15.698810577392578,66.4,331,"{'bytes_sent': 3007026, 'bytes_recv': 11920926, 'packets_sent': 16512, 'packets_recv': 14990, 'errin': 0, 'errout': 0, 'dropin': 0, 'dropout': 0}","(0.26, 0.34, 0.36)"
2026-02-11T18:29:37.112367,49.3,81.8,12.847686767578125,15.698810577392578,66.4,331,"{'bytes_sent': 3013342, 'bytes_recv': 12096864, 'packets_sent': 16593, 'packets_recv': 15114, 'errin': 0, 'errout': 0, 'dropin': 0, 'dropout': 0}","(0.26, 0.34, 0.36)"
2026-02-11T18:29:38.228000,38.5,81.9,12.857429504394531,15.698810577392578,66.4,331,"{'bytes_sent': 3020391, 'bytes_recv': 12247561, 'packets_sent': 16677, 'packets_recv': 15220, 'errin': 0, 'errout': 0, 'dropin': 0, 'dropout': 0}","(0.32, 0.35, 0.37)"
2026-02-11T18:29:39.372508,45.9,82.0,12.872188568115234,15.698810577392578,66.4,331,"{'bytes_sent': 3024085, 'bytes_recv': 12405377, 'packets_sent': 16738, 'packets_recv': 15329, 'errin': 0, 'errout': 0, 'dropin': 0, 'dropout': 0}","(0.32, 0.35, 0.37)"
2026-02-11T18:29:40.502080,47.4,82.0,12.872127532958984,15.698810577392578,66.4,331,"{'bytes_sent': 3028153, 'bytes_recv': 12526661, 'packets_sent': 16798, 'packets_recv': 15413, 'errin': 0, 'errout': 0, 'dropin': 0, 'dropout': 0}","(0.32, 0.35, 0.37)"
2026-02-11T18:29:41.626926,51.3,81.9,12.85555648803711,15.698810577392578,66.4,331,"{'bytes_sent': 3031219, 'bytes_recv': 12588992, 'packets_sent': 16847, 'packets_recv': 15468, 'errin': 0, 'errout': 0, 'dropin': 0, 'dropout': 0}","(0.32, 0.35, 0.37)"
2026-02-11T18:29:42.741822,58.8,81.8,12.84762191772461,15.698810577392578,66.4,331,"{'bytes_sent': 3035076, 'bytes_recv': 12618991, 'packets_sent': 16864, 'packets_recv': 15497, 'errin': 0, 'errout': 0, 'dropin': 0, 'dropout': 0}","(0.32, 0.35, 0.37)"
2026-02-11T18:29:43.872018,35.7,81.8,12.847827911376953,15.698810577392578,66.4,331,"{'bytes_sent': 3036326, 'bytes_recv': 12643339, 'packets_sent': 16881, 'packets_recv': 15519, 'errin': 0, 'errout': 0, 'dropin': 0, 'dropout': 0}","(0.29, 0.35, 0.37)"
2026-02-11T18:29:45.001030,53.9,81.8,12.847034454345703,15.698810577392578,66.4,331,"{'bytes_sent': 3037230, 'bytes_recv': 12665343, 'packets_sent': 16893, 'packets_recv': 15537, 'errin': 0, 'errout': 0, 'dropin': 0, 'dropout': 0}","(0.29, 0.35, 0.37)"
2026-02-11T18:29:46.131875,36.2,81.8,12.846569061279297,15.698810577392578,66.4,331,"{'bytes_sent': 3038348, 'bytes_recv': 12704063, 'packets_sent': 16908, 'packets_recv': 15567, 'errin': 0, 'errout': 0, 'dropin': 0, 'dropout': 0}","(0.29, 0.35, 0.37)"
2026-02-11T18:29:47.245409,30.5,81.8,12.843914031982422,15.698810577392578,66.4,331,"{'bytes_sent': 3044207, 'bytes_recv': 12766159, 'packets_sent': 16939, 'packets_recv': 15611, 'errin': 0, 'errout': 0, 'dropin': 0, 'dropout': 0}","(0.29, 0.35, 0.37)"
2026-02-11T18:29:48.372376,52.6,81.9,12.855976104736328,15.698810577392578,66.4,331,"{'bytes_sent': 3049384, 'bytes_recv': 12827429, 'packets_sent': 16978, 'packets_recv': 15666, 'errin': 0, 'errout': 0, 'dropin': 0, 'dropout': 0}","(0.27, 0.34, 0.36)"
2026-02-11T18:29:49.505003,50.0,81.8,12.84865951538086,15.698810577392578,66.4,331,"{'bytes_sent': 3051274, 'bytes_recv': 12876919, 'packets_sent': 17005, 'packets_recv': 15706, 'errin': 0, 'errout': 0, 'dropin': 0, 'dropout': 0}","(0.27, 0.34, 0.36)"
2026-02-11T18:29:50.629025,53.3,81.8,12.847278594970703,15.698810577392578,66.4,331,"{'bytes_sent': 3052981, 'bytes_recv': 12934583, 'packets_sent': 17030, 'packets_recv': 15749, 'errin': 0, 'errout': 0, 'dropin': 0, 'dropout': 0}","(0.27, 0.34, 0.36)"
2026-02-11T18:29:51.742486,43.1,81.8,12.846511840820312,15.698810577392578,66.4,331,"{'bytes_sent': 3054491, 'bytes_recv': 12978865, 'packets_sent': 17051, 'packets_recv': 15782, 'errin': 0, 'errout': 0, 'dropin': 0, 'dropout': 0}","(0.27, 0.34, 0.36)"
2026-02-11T18:29:52.871545,19.0,81.8,12.846694946289062,15.698810577392578,66.4,331,"{'bytes_sent': 3056561, 'bytes_recv': 13040807, 'packets_sent': 17080, 'packets_recv': 15829, 'errin': 0, 'errout': 0, 'dropin': 0, 'dropout': 0}","(0.27, 0.34, 0.36)"
2026-02-11T18:29:53.985749,20.2,81.9,12.858333587646484,15.698810577392578,66.4,331,"{'bytes_sent': 3058581, 'bytes_recv': 13079313, 'packets_sent': 17106, 'packets_recv': 15858, 'errin': 0, 'errout': 0, 'dropin': 0, 'dropout': 0}","(0.25, 0.34, 0.36)"
2026-02-11T18:29:55.114484,27.4,81.9,12.850040435791016,15.698810577392578,66.4,331,"{'bytes_sent': 3059918, 'bytes_recv': 13093697, 'packets_sent': 17117, 'packets_recv': 15873, 'errin': 0, 'errout': 0, 'dropin': 0, 'dropout': 0}","(0.25, 0.34, 0.36)"
2026-02-11T18:29:56.244513,29.1,81.9,12.859622955322266,15.698810577392578,66.4,331,"{'bytes_sent': 3066622, 'bytes_recv': 13097118, 'packets_sent': 17125, 'packets_recv': 15879, 'errin': 0, 'errout': 0, 'dropin': 0, 'dropout': 0}","(0.25, 0.34, 0.36)"
2026-02-11T18:29:57.358610,18.8,81.9,12.850139617919922,15.698810577392578,66.4,331,"{'bytes_sent': 3067084, 'bytes_recv': 13108874, 'packets_sent': 17132, 'packets_recv': 15891, 'errin': 0, 'errout': 0, 'dropin': 0, 'dropout': 0}","(0.25, 0.34, 0.36)"
2026-02-11T18:29:58.486766,43.5,81.8,12.848960876464844,15.698810577392578,66.4,331,"{'bytes_sent': 3067348, 'bytes_recv': 13114808, 'packets_sent': 17136, 'packets_recv': 15896, 'errin': 0, 'errout': 0, 'dropin': 0, 'dropout': 0}","(0.23, 0.33, 0.36)"
2026-02-11T18:29:59.616500,41.2,81.9,12.856685638427734,15.698810577392578,66.4,331,"{'bytes_sent': 3067878, 'bytes_recv': 13126938, 'packets_sent': 17143, 'packets_recv': 15907, 'errin': 0, 'errout': 0, 'dropin': 0, 'dropout': 0}","(0.23, 0.33, 0.36)"
2026-02-11T18:30:00.743619,31.4,81.9,12.851638793945312,15.698810577392578,66.4,331,"{'bytes_sent': 3068675, 'bytes_recv': 13148409, 'packets_sent': 17153, 'packets_recv': 15929, 'errin': 0, 'errout': 0, 'dropin': 0, 'dropout': 0}","(0.23, 0.33, 0.36)"
2026-02-11T18:30:01.858031,45.8,81.8,12.848896026611328,15.698810577392578,66.4,331,"{'bytes_sent': 3069258, 'bytes_recv': 13171133, 'packets_sent': 17162, 'packets_recv': 15949, 'errin': 0, 'errout': 0, 'dropin': 0, 'dropout': 0}","(0.23, 0.33, 0.36)"
2026-02-11T18:30:02.985396,34.5,81.8,12.847782135009766,15.698810577392578,66.4,333,"{'bytes_sent': 3070109, 'bytes_recv': 13183181, 'packets_sent': 17173, 'packets_recv': 15963, 'errin': 0, 'errout': 0, 'dropin': 0, 'dropout': 0}","(0.23, 0.33, 0.36)"
2026-02-11T18:30:04.132189,76.0,81.9,12.855995178222656,15.698810577392578,66.4,331,"{'bytes_sent': 3071189, 'bytes_recv': 13209273, 'packets_sent': 17189, 'packets_recv': 15989, 'errin': 0, 'errout': 0, 'dropin': 0, 'dropout': 0}","(0.21, 0.33, 0.36)"
2026-02-11T18:30:05.247629,43.4,81.9,12.85470199584961,15.698810577392578,66.4,333,"{'bytes_sent': 3072357, 'bytes_recv': 13241129, 'packets_sent': 17205, 'packets_recv': 16017, 'errin': 0, 'errout': 0, 'dropin': 0, 'dropout': 0}","(0.21, 0.33, 0.36)"
2026-02-11T18:30:06.375171,56.5,81.9,12.85028076171875,15.698810577392578,66.4,331,"{'bytes_sent': 3073707, 'bytes_recv': 13279842, 'packets_sent': 17224, 'packets_recv': 16046, 'errin': 0, 'errout': 0, 'dropin': 0, 'dropout': 0}","(0.21, 0.33, 0.36)"
2026-02-11T18:30:07.489531,54.2,81.9,12.852607727050781,15.698810577392578,66.4,333,"{'bytes_sent': 3076893, 'bytes_recv': 13298329, 'packets_sent': 17240, 'packets_recv': 16066, 'errin': 0, 'errout': 0, 'dropin': 0, 'dropout': 0}","(0.21, 0.33, 0.36)"
2026-02-11T18:30:08.602960,36.1,81.9,12.851570129394531,15.698810577392578,66.4,331,"{'bytes_sent': 3080423, 'bytes_recv': 13387670, 'packets_sent': 17277, 'packets_recv': 16132, 'errin': 0, 'errout': 0, 'dropin': 0, 'dropout': 0}","(0.19, 0.32, 0.36)"
2026-02-11T18:30:09.744191,36.1,81.9,12.856620788574219,15.698810577392578,66.4,333,"{'bytes_sent': 3081710, 'bytes_recv': 13411651, 'packets_sent': 17292, 'packets_recv': 16156, 'errin': 0, 'errout': 0, 'dropin': 0, 'dropout': 0}","(0.19, 0.32, 0.36)"
2026-02-11T18:30:10.873379,35.4,81.9,12.852935791015625,15.698810577392578,66.4,331,"{'bytes_sent': 3082956, 'bytes_recv': 13431787, 'packets_sent': 17304, 'packets_recv': 16175, 'errin': 0, 'errout': 0, 'dropin': 0, 'dropout': 0}","(0.19, 0.32, 0.36)"
2026-02-11T18:30:12.003358,42.4,81.9,12.854656219482422,15.698810577392578,66.4,333,"{'bytes_sent': 3101096, 'bytes_recv': 13436855, 'packets_sent': 17323, 'packets_recv': 16184, 'errin': 0, 'errout': 0, 'dropin': 0, 'dropout': 0}","(0.19, 0.32, 0.36)"
2026-02-11T18:30:13.134072,52.0,81.9,12.860252380371094,15.698810577392578,66.4,331,"{'bytes_sent': 3115351, 'bytes_recv': 13445267, 'packets_sent': 17338, 'packets_recv': 16202, 'errin': 0, 'errout': 0, 'dropin': 0, 'dropout': 0}","(0.18, 0.31, 0.35)"
2026-02-11T18:30:14.277912,50.5,81.9,12.862537384033203,15.698810577392578,66.4,333,"{'bytes_sent': 3118413, 'bytes_recv': 13448806, 'packets_sent': 17363, 'packets_recv': 16221, 'errin': 0, 'errout': 0, 'dropin': 0, 'dropout': 0}","(0.18, 0.31, 0.35)"
2026-02-11T18:30:15.407999,49.3,81.9,12.858161926269531,15.698810577392578,66.4,331,"{'bytes_sent': 3134642, 'bytes_recv': 13461795, 'packets_sent': 17383, 'packets_recv': 16246, 'errin': 0, 'errout': 0, 'dropin': 0, 'dropout': 0}","(0.18, 0.31, 0.35)"
2026-02-11T18:30:16.522838,71.3,82.0,12.87381362915039,15.698810577392578,66.4,333,"{'bytes_sent': 3141165, 'bytes_recv': 13523918, 'packets_sent': 17444, 'packets_recv': 16304, 'errin': 0, 'errout': 0, 'dropin': 0, 'dropout': 0}","(0.18, 0.31, 0.35)"
2026-02-11T18:30:17.655515,52.9,82.0,12.86874008178711,15.698810577392578,66.4,331,"{'bytes_sent': 3155567, 'bytes_recv': 13588854, 'packets_sent': 17503, 'packets_recv': 16363, 'errin': 0, 'errout': 0, 'dropin': 0, 'dropout': 0}","(0.18, 0.31, 0.35)"
2026-02-11T18:30:18.792740,54.7,82.1,12.881439208984375,15.698810577392578,66.4,333,"{'bytes_sent': 3160959, 'bytes_recv': 13706781, 'packets_sent': 17565, 'packets_recv': 16450, 'errin': 0, 'errout': 0, 'dropin': 0, 'dropout': 0}","(0.24, 0.33, 0.36)"
2026-02-11T18:30:19.922509,35.8,82.0,12.869869232177734,15.698810577392578,66.4,331,"{'bytes_sent': 3167954, 'bytes_recv': 13880239, 'packets_sent': 17657, 'packets_recv': 16572, 'errin': 0, 'errout': 0, 'dropin': 0, 'dropout': 0}","(0.24, 0.33, 0.36)"
2026-02-11T18:30:21.037110,50.0,82.0,12.873065948486328,15.698810577392578,66.4,333,"{'bytes_sent': 3174491, 'bytes_recv': 14038935, 'packets_sent': 17733, 'packets_recv': 16684, 'errin': 0, 'errout': 0, 'dropin': 0, 'dropout': 0}","(0.24, 0.33, 0.36)"
2026-02-11T18:30:22.180797,49.4,82.0,12.86932373046875,15.698810577392578,66.4,331,"{'bytes_sent': 3185529, 'bytes_recv': 14279778, 'packets_sent': 17884, 'packets_recv': 16849, 'errin': 0, 'errout': 0, 'dropin': 0, 'dropout': 0}","(0.24, 0.33, 0.36)"
2026-02-11T18:30:23.295796,63.5,82.0,12.879783630371094,15.698810577392578,66.4,333,"{'bytes_sent': 3193319, 'bytes_recv': 14453844, 'packets_sent': 17985, 'packets_recv': 16969, 'errin': 0, 'errout': 0, 'dropin': 0, 'dropout': 0}","(0.22, 0.32, 0.35)"
2026-02-11T18:30:24.424375,45.2,82.0,12.876270294189453,15.698810577392578,66.4,331,"{'bytes_sent': 3201939, 'bytes_recv': 14736053, 'packets_sent': 18101, 'packets_recv': 17163, 'errin': 0, 'errout': 0, 'dropin': 0, 'dropout': 0}","(0.22, 0.32, 0.35)"
2026-02-11T18:30:25.553980,68.2,82.1,12.884162902832031,15.698810577392578,66.4,333,"{'bytes_sent': 3211481, 'bytes_recv': 14900247, 'packets_sent': 18238, 'packets_recv': 17281, 'errin': 0, 'errout': 0, 'dropin': 0, 'dropout': 0}","(0.22, 0.32, 0.35)"
2026-02-11T18:30:26.695340,64.3,82.0,12.878620147705078,15.698810577392578,66.4,331,"{'bytes_sent': 3215805, 'bytes_recv': 15012007, 'packets_sent': 18295, 'packets_recv': 17357, 'errin': 0, 'errout': 0, 'dropin': 0, 'dropout': 0}","(0.22, 0.32, 0.35)"
2026-02-11T18:30:27.841249,50.6,82.1,12.88381576538086,15.698810577392578,66.4,333,"{'bytes_sent': 3222946, 'bytes_recv': 15171782, 'packets_sent': 18379, 'packets_recv': 17469, 'errin': 0, 'errout': 0, 'dropin': 0, 'dropout': 0}","(0.22, 0.32, 0.35)"
2026-02-11T18:30:28.970677,46.4,82.1,12.887622833251953,15.698810577392578,66.4,331,"{'bytes_sent': 3227601, 'bytes_recv': 15291289, 'packets_sent': 18429, 'packets_recv': 17552, 'errin': 0, 'errout': 0, 'dropin': 0, 'dropout': 0}","(0.21, 0.32, 0.35)"
2026-02-11T18:30:30.115801,48.2,82.1,12.886302947998047,15.698810577392578,66.4,333,"{'bytes_sent': 3233470, 'bytes_recv': 15370665, 'packets_sent': 18492, 'packets_recv': 17622, 'errin': 0, 'errout': 0, 'dropin': 0, 'dropout': 0}","(0.21, 0.32, 0.35)"
2026-02-11T18:30:31.245762,54.2,82.0,12.877933502197266,15.698810577392578,66.4,331,"{'bytes_sent': 3242945, 'bytes_recv': 15515563, 'packets_sent': 18605, 'packets_recv': 17735, 'errin': 0, 'errout': 0, 'dropin': 0, 'dropout': 0}","(0.21, 0.32, 0.35)"
2026-02-11T18:30:32.390667,44.2,82.1,12.887653350830078,15.698810577392578,66.4,333,"{'bytes_sent': 3249704, 'bytes_recv': 15708378, 'packets_sent': 18697, 'packets_recv': 17868, 'errin': 0, 'errout': 0, 'dropin': 0, 'dropout': 0}","(0.21, 0.32, 0.35)"
2026-02-11T18:30:33.520525,32.1,82.1,12.881591796875,15.698810577392578,66.4,331,"{'bytes_sent': 3256666, 'bytes_recv': 15811690, 'packets_sent': 18781, 'packets_recv': 17953, 'errin': 0, 'errout': 0, 'dropin': 0, 'dropout': 0}","(0.19, 0.31, 0.35)"
2026-02-11T18:30:34.645905,51.7,82.1,12.886787414550781,15.698810577392578,66.4,333,"{'bytes_sent': 3263930, 'bytes_recv': 15987296, 'packets_sent': 18881, 'packets_recv': 18078, 'errin': 0, 'errout': 0, 'dropin': 0, 'dropout': 0}","(0.19, 0.31, 0.35)"
2026-02-11T18:30:35.775361,41.7,82.1,12.884445190429688,15.698810577392578,66.4,331,"{'bytes_sent': 3271079, 'bytes_recv': 16129004, 'packets_sent': 18961, 'packets_recv': 18177, 'errin': 0, 'errout': 0, 'dropin': 0, 'dropout': 0}","(0.19, 0.31, 0.35)"
2026-02-11T18:30:36.904020,67.0,82.1,12.884571075439453,15.698810577392578,66.4,333,"{'bytes_sent': 3274217, 'bytes_recv': 16216567, 'packets_sent': 19014, 'packets_recv': 18247, 'errin': 0, 'errout': 0, 'dropin': 0, 'dropout': 0}","(0.19, 0.31, 0.35)"
2026-02-11T18:30:38.034107,54.8,82.0,12.88015365600586,15.698810577392578,66.4,331,"{'bytes_sent': 3285995, 'bytes_recv': 16332709, 'packets_sent': 19080, 'packets_recv': 18335, 'errin': 0, 'errout': 0, 'dropin': 0, 'dropout': 0}","(0.19, 0.31, 0.35)"
2026-02-11T18:30:39.163751,58.1,82.1,12.883888244628906,15.698810577392578,66.4,333,"{'bytes_sent': 3290161, 'bytes_recv': 16428768, 'packets_sent': 19132, 'packets_recv': 18408, 'errin': 0, 'errout': 0, 'dropin': 0, 'dropout': 0}","(0.17, 0.31, 0.35)"
2026-02-11T18:30:40.292335,41.7,82.0,12.879291534423828,15.698810577392578,66.4,331,"{'bytes_sent': 3294232, 'bytes_recv': 16543541, 'packets_sent': 19183, 'packets_recv': 18491, 'errin': 0, 'errout': 0, 'dropin': 0, 'dropout': 0}","(0.17, 0.31, 0.35)"
2026-02-11T18:30:41.423882,29.8,82.1,12.883670806884766,15.698810577392578,66.4,333,"{'bytes_sent': 3294306, 'bytes_recv': 16669227, 'packets_sent': 19184, 'packets_recv': 18576, 'errin': 0, 'errout': 0, 'dropin': 0, 'dropout': 0}","(0.17, 0.31, 0.35)"
2026-02-11T18:30:42.555007,72.2,82.0,12.877437591552734,15.698810577392578,66.4,331,"{'bytes_sent': 3296674, 'bytes_recv': 16712463, 'packets_sent': 19220, 'packets_recv': 18614, 'errin': 0, 'errout': 0, 'dropin': 0, 'dropout': 0}","(0.17, 0.31, 0.35)"
2026-02-11T18:30:43.679181,93.2,82.2,12.9100341796875,15.698810577392578,66.4,333,"{'bytes_sent': 3299337, 'bytes_recv': 16738564, 'packets_sent': 19255, 'packets_recv': 18637, 'errin': 0, 'errout': 0, 'dropin': 0, 'dropout': 0}","(0.32, 0.33, 0.36)"
2026-02-11T18:30:44.824178,74.5,81.9,12.86273193359375,15.698810577392578,66.4,331,"{'bytes_sent': 3305298, 'bytes_recv': 16791120, 'packets_sent': 19309, 'packets_recv': 18676, 'errin': 0, 'errout': 0, 'dropin': 0, 'dropout': 0}","(0.32, 0.33, 0.36)"
2026-02-11T18:30:45.984380,80.0,81.9,12.858104705810547,15.698810577392578,66.4,333,"{'bytes_sent': 3305980, 'bytes_recv': 16818004, 'packets_sent': 19318, 'packets_recv': 18705, 'errin': 0, 'errout': 0, 'dropin': 0, 'dropout': 0}","(0.32, 0.33, 0.36)"
2026-02-11T18:30:47.131137,92.9,81.9,12.864192962646484,15.698810577392578,66.4,331,"{'bytes_sent': 3308854, 'bytes_recv': 16845027, 'packets_sent': 19354, 'packets_recv': 18725, 'errin': 0, 'errout': 0, 'dropin': 0, 'dropout': 0}","(0.32, 0.33, 0.36)"
2026-02-11T18:30:48.275415,88.3,82.5,12.950782775878906,15.698810577392578,66.4,331,"{'bytes_sent': 3312123, 'bytes_recv': 16854140, 'packets_sent': 19380, 'packets_recv': 18742, 'errin': 0, 'errout': 0, 'dropin': 0, 'dropout': 0}","(0.29, 0.33, 0.36)"
2026-02-11T18:30:49.406184,83.3,82.7,12.98196029663086,15.698810577392578,66.4,331,"{'bytes_sent': 3319498, 'bytes_recv': 16892493, 'packets_sent': 19402, 'packets_recv': 18782, 'errin': 0, 'errout': 0, 'dropin': 0, 'dropout': 0}","(0.29, 0.33, 0.36)"
2026-02-11T18:30:50.547142,77.8,82.4,12.928600311279297,15.698810577392578,66.4,331,"{'bytes_sent': 3329889, 'bytes_recv': 16919312, 'packets_sent': 19435, 'packets_recv': 18811, 'errin': 0, 'errout': 0, 'dropin': 0, 'dropout': 0}","(0.29, 0.33, 0.36)"
2026-02-11T18:30:51.692344,85.1,81.9,12.857345581054688,15.698810577392578,66.4,331,"{'bytes_sent': 3334405, 'bytes_recv': 16952969, 'packets_sent': 19466, 'packets_recv': 18845, 'errin': 0, 'errout': 0, 'dropin': 0, 'dropout': 0}","(0.29, 0.33, 0.36)"
2026-02-11T18:30:52.836372,73.7,82.3,12.92059326171875,15.698810577392578,66.4,331,"{'bytes_sent': 3340123, 'bytes_recv': 17056541, 'packets_sent': 19520, 'packets_recv': 18930, 'errin': 0, 'errout': 0, 'dropin': 0, 'dropout': 0}","(0.29, 0.33, 0.36)"
2026-02-11T18:30:53.968494,83.9,81.9,12.860702514648438,15.698810577392578,66.4,331,"{'bytes_sent': 3344244, 'bytes_recv': 17245651, 'packets_sent': 19588, 'packets_recv': 19061, 'errin': 0, 'errout': 0, 'dropin': 0, 'dropout': 0}","(0.51, 0.37, 0.37)"
2026-02-11T18:30:55.111759,78.9,82.4,12.934471130371094,15.698810577392578,66.4,331,"{'bytes_sent': 3351948, 'bytes_recv': 17354941, 'packets_sent': 19698, 'packets_recv': 19139, 'errin': 0, 'errout': 0, 'dropin': 0, 'dropout': 0}","(0.51, 0.37, 0.37)"
2026-02-11T18:30:56.242361,86.3,82.9,13.01938247680664,15.698810577392578,66.4,331,"{'bytes_sent': 3362128, 'bytes_recv': 17502185, 'packets_sent': 19818, 'packets_recv': 19241, 'errin': 0, 'errout': 0, 'dropin': 0, 'dropout': 0}","(0.51, 0.37, 0.37)"
2026-02-11T18:30:57.371649,73.6,82.8,12.994083404541016,15.698810577392578,66.4,331,"{'bytes_sent': 3368583, 'bytes_recv': 17599789, 'packets_sent': 19903, 'packets_recv': 19309, 'errin': 0, 'errout': 0, 'dropin': 0, 'dropout': 0}","(0.51, 0.37, 0.37)"
2026-02-11T18:30:58.497377,86.5,82.4,12.937904357910156,15.698810577392578,66.4,331,"{'bytes_sent': 3373085, 'bytes_recv': 17677909, 'packets_sent': 19957, 'packets_recv': 19366, 'errin': 0, 'errout': 0, 'dropin': 0, 'dropout': 0}","(0.55, 0.38, 0.37)"
2026-02-11T18:30:59.641845,78.2,82.9,13.008319854736328,15.698810577392578,66.4,331,"{'bytes_sent': 3377179, 'bytes_recv': 17772379, 'packets_sent': 20010, 'packets_recv': 19458, 'errin': 0, 'errout': 0, 'dropin': 0, 'dropout': 0}","(0.55, 0.38, 0.37)"
2026-02-11T18:31:00.789042,85.1,83.3,13.083755493164062,15.698810577392578,66.4,331,"{'bytes_sent': 3383429, 'bytes_recv': 17838132, 'packets_sent': 20082, 'packets_recv': 19522, 'errin': 0, 'errout': 0, 'dropin': 0, 'dropout': 0}","(0.55, 0.38, 0.37)"
2026-02-11T18:31:01.934173,83.5,82.4,12.934051513671875,15.698810577392578,66.4,331,"{'bytes_sent': 3387111, 'bytes_recv': 17902703, 'packets_sent': 20133, 'packets_recv': 19585, 'errin': 0, 'errout': 0, 'dropin': 0, 'dropout': 0}","(0.55, 0.38, 0.37)"
2026-02-11T18:31:03.080628,75.6,82.9,13.012073516845703,15.698810577392578,66.4,331,"{'bytes_sent': 3398005, 'bytes_recv': 17989769, 'packets_sent': 20249, 'packets_recv': 19666, 'errin': 0, 'errout': 0, 'dropin': 0, 'dropout': 0}","(0.55, 0.38, 0.37)"
2026-02-11T18:31:04.223808,82.2,82.4,12.933895111083984,15.698810577392578,66.4,331,"{'bytes_sent': 3402233, 'bytes_recv': 18113619, 'packets_sent': 20304, 'packets_recv': 19758, 'errin': 0, 'errout': 0, 'dropin': 0, 'dropout': 0}","(0.67, 0.41, 0.38)"
2026-02-11T18:31:05.354369,90.0,82.4,12.930854797363281,15.698810577392578,66.4,331,"{'bytes_sent': 3406215, 'bytes_recv': 18208613, 'packets_sent': 20359, 'packets_recv': 19831, 'errin': 0, 'errout': 0, 'dropin': 0, 'dropout': 0}","(0.67, 0.41, 0.38)"
2026-02-11T18:31:06.495176,79.3,82.9,13.008121490478516,15.698810577392578,66.4,331,"{'bytes_sent': 3412863, 'bytes_recv': 18286014, 'packets_sent': 20444, 'packets_recv': 19891, 'errin': 0, 'errout': 0, 'dropin': 0, 'dropout': 0}","(0.67, 0.41, 0.38)"
2026-02-11T18:31:07.625784,86.2,82.2,12.903961181640625,15.698810577392578,66.4,331,"{'bytes_sent': 3417463, 'bytes_recv': 18387961, 'packets_sent': 20503, 'packets_recv': 19964, 'errin': 0, 'errout': 0, 'dropin': 0, 'dropout': 0}","(0.67, 0.41, 0.38)"
2026-02-11T18:31:08.770024,75.3,82.2,12.907997131347656,15.698810577392578,66.4,331,"{'bytes_sent': 3421643, 'bytes_recv': 18480551, 'packets_sent': 20563, 'packets_recv': 20028, 'errin': 0, 'errout': 0, 'dropin': 0, 'dropout': 0}","(0.61, 0.4, 0.38)"
2026-02-11T18:31:09.916624,67.3,82.1,12.881534576416016,15.698810577392578,66.4,331,"{'bytes_sent': 3427230, 'bytes_recv': 18606892, 'packets_sent': 20629, 'packets_recv': 20121, 'errin': 0, 'errout': 0, 'dropin': 0, 'dropout': 0}","(0.61, 0.4, 0.38)"
2026-02-11T18:31:11.060476,79.3,82.5,12.949050903320312,15.698810577392578,66.4,331,"{'bytes_sent': 3431916, 'bytes_recv': 18694049, 'packets_sent': 20671, 'packets_recv': 20189, 'errin': 0, 'errout': 0, 'dropin': 0, 'dropout': 0}","(0.61, 0.4, 0.38)"
2026-02-11T18:31:12.188723,50.0,82.9,13.01531982421875,15.698810577392578,66.4,331,"{'bytes_sent': 3437548, 'bytes_recv': 18765393, 'packets_sent': 20738, 'packets_recv': 20245, 'errin': 0, 'errout': 0, 'dropin': 0, 'dropout': 0}","(0.61, 0.4, 0.38)"
2026-02-11T18:31:13.316743,80.7,82.4,12.9403076171875,15.698810577392578,66.4,331,"{'bytes_sent': 3443409, 'bytes_recv': 18867196, 'packets_sent': 20812, 'packets_recv': 20319, 'errin': 0, 'errout': 0, 'dropin': 0, 'dropout': 0}","(0.56, 0.4, 0.38)"
2026-02-11T18:31:14.460619,88.6,82.5,12.956336975097656,15.698810577392578,66.4,337,"{'bytes_sent': 3447394, 'bytes_recv': 18965961, 'packets_sent': 20857, 'packets_recv': 20392, 'errin': 0, 'errout': 0, 'dropin': 0, 'dropout': 0}","(0.56, 0.4, 0.38)"
2026-02-11T18:31:15.606359,58.4,82.9,13.017166137695312,15.698810577392578,66.4,337,"{'bytes_sent': 3452867, 'bytes_recv': 19075135, 'packets_sent': 20932, 'packets_recv': 20471, 'errin': 0, 'errout': 0, 'dropin': 0, 'dropout': 0}","(0.56, 0.4, 0.38)"
2026-02-11T18:31:16.750591,74.7,82.1,12.895671844482422,15.698810577392578,66.4,337,"{'bytes_sent': 3459331, 'bytes_recv': 19190702, 'packets_sent': 21009, 'packets_recv': 20552, 'errin': 0, 'errout': 0, 'dropin': 0, 'dropout': 0}","(0.56, 0.4, 0.38)"
2026-02-11T18:31:17.882513,83.3,82.1,12.895404815673828,15.698810577392578,66.4,337,"{'bytes_sent': 3465421, 'bytes_recv': 19297846, 'packets_sent': 21074, 'packets_recv': 20631, 'errin': 0, 'errout': 0, 'dropin': 0, 'dropout': 0}","(0.56, 0.4, 0.38)"
2026-02-11T18:31:19.026354,83.9,82.7,12.986431121826172,15.698810577392578,66.4,337,"{'bytes_sent': 3470810, 'bytes_recv': 19406758, 'packets_sent': 21146, 'packets_recv': 20714, 'errin': 0, 'errout': 0, 'dropin': 0, 'dropout': 0}","(0.52, 0.39, 0.38)"
2026-02-11T18:31:20.158137,92.0,82.4,12.932628631591797,15.698810577392578,66.4,335,"{'bytes_sent': 3475392, 'bytes_recv': 19517910, 'packets_sent': 21216, 'packets_recv': 20792, 'errin': 0, 'errout': 0, 'dropin': 0, 'dropout': 0}","(0.52, 0.39, 0.38)"
2026-02-11T18:31:21.282682,78.6,82.1,12.888118743896484,15.698810577392578,66.4,335,"{'bytes_sent': 3479796, 'bytes_recv': 19628969, 'packets_sent': 21279, 'packets_recv': 20869, 'errin': 0, 'errout': 0, 'dropin': 0, 'dropout': 0}","(0.52, 0.39, 0.38)"
2026-02-11T18:31:22.427239,79.1,82.8,12.999397277832031,15.698810577392578,66.4,335,"{'bytes_sent': 3485573, 'bytes_recv': 19709491, 'packets_sent': 21333, 'packets_recv': 20937, 'errin': 0, 'errout': 0, 'dropin': 0, 'dropout': 0}","(0.52, 0.39, 0.38)"
2026-02-11T18:31:23.574381,86.1,82.9,13.01327133178711,15.698810577392578,66.4,336,"{'bytes_sent': 3487409, 'bytes_recv': 19752507, 'packets_sent': 21365, 'packets_recv': 20971, 'errin': 0, 'errout': 0, 'dropin': 0, 'dropout': 0}","(0.48, 0.38, 0.37)"
2026-02-11T18:31:24.733472,70.8,82.2,12.91146469116211,15.698810577392578,66.4,334,"{'bytes_sent': 3490169, 'bytes_recv': 19814896, 'packets_sent': 21404, 'packets_recv': 21022, 'errin': 0, 'errout': 0, 'dropin': 0, 'dropout': 0}","(0.48, 0.38, 0.37)"
2026-02-11T18:31:25.864748,83.8,82.8,12.999073028564453,15.698810577392578,66.4,336,"{'bytes_sent': 3492413, 'bytes_recv': 19862391, 'packets_sent': 21433, 'packets_recv': 21058, 'errin': 0, 'errout': 0, 'dropin': 0, 'dropout': 0}","(0.48, 0.38, 0.37)"
2026-02-11T18:31:26.993936,81.2,83.1,13.053497314453125,15.698810577392578,66.4,334,"{'bytes_sent': 3495231, 'bytes_recv': 19916163, 'packets_sent': 21469, 'packets_recv': 21100, 'errin': 0, 'errout': 0, 'dropin': 0, 'dropout': 0}","(0.48, 0.38, 0.37)"
2026-02-11T18:31:28.139438,93.9,82.2,12.902862548828125,15.698810577392578,66.4,336,"{'bytes_sent': 3499253, 'bytes_recv': 20029908, 'packets_sent': 21528, 'packets_recv': 21185, 'errin': 0, 'errout': 0, 'dropin': 0, 'dropout': 0}","(0.48, 0.38, 0.37)"
2026-02-11T18:31:29.296092,93.3,82.4,12.9346923828125,15.698810577392578,66.4,330,"{'bytes_sent': 3499813, 'bytes_recv': 20046418, 'packets_sent': 21536, 'packets_recv': 21198, 'errin': 0, 'errout': 0, 'dropin': 0, 'dropout': 0}","(0.44, 0.38, 0.37)"
2026-02-11T18:31:30.441558,98.9,82.7,12.989734649658203,15.698810577392578,66.4,332,"{'bytes_sent': 3502883, 'bytes_recv': 20104755, 'packets_sent': 21567, 'packets_recv': 21244, 'errin': 0, 'errout': 0, 'dropin': 0, 'dropout': 0}","(0.44, 0.38, 0.37)"
2026-02-11T18:31:31.586476,80.2,82.0,12.877361297607422,15.698810577392578,66.4,332,"{'bytes_sent': 3506419, 'bytes_recv': 20200638, 'packets_sent': 21616, 'packets_recv': 21320, 'errin': 0, 'errout': 0, 'dropin': 0, 'dropout': 0}","(0.44, 0.38, 0.37)"
2026-02-11T18:31:32.731432,72.4,82.2,12.906021118164062,15.698810577392578,66.4,332,"{'bytes_sent': 3513273, 'bytes_recv': 20315237, 'packets_sent': 21708, 'packets_recv': 21409, 'errin': 0, 'errout': 0, 'dropin': 0, 'dropout': 0}","(0.44, 0.38, 0.37)"
2026-02-11T18:31:33.878173,71.3,82.6,12.9654541015625,15.698810577392578,66.4,332,"{'bytes_sent': 3517701, 'bytes_recv': 20355657, 'packets_sent': 21753, 'packets_recv': 21446, 'errin': 0, 'errout': 0, 'dropin': 0, 'dropout': 0}","(0.4, 0.37, 0.37)"
2026-02-11T18:31:35.006795,66.2,81.8,12.840137481689453,15.698810577392578,66.4,332,"{'bytes_sent': 3523994, 'bytes_recv': 20411666, 'packets_sent': 21786, 'packets_recv': 21495, 'errin': 0, 'errout': 0, 'dropin': 0, 'dropout': 0}","(0.4, 0.37, 0.37)"
2026-02-11T18:31:36.147990,79.1,82.1,12.881771087646484,15.698810577392578,66.4,332,"{'bytes_sent': 3530893, 'bytes_recv': 20496017, 'packets_sent': 21865, 'packets_recv': 21565, 'errin': 0, 'errout': 0, 'dropin': 0, 'dropout': 0}","(0.4, 0.37, 0.37)"
2026-02-11T18:31:37.294358,65.1,81.6,12.806903839111328,15.698810577392578,66.4,332,"{'bytes_sent': 3532051, 'bytes_recv': 20518066, 'packets_sent': 21884, 'packets_recv': 21587, 'errin': 0, 'errout': 0, 'dropin': 0, 'dropout': 0}","(0.4, 0.37, 0.37)"
2026-02-11T18:31:38.440217,59.3,81.4,12.774620056152344,15.698810577392578,66.4,332,"{'bytes_sent': 3533073, 'bytes_recv': 20531692, 'packets_sent': 21901, 'packets_recv': 21601, 'errin': 0, 'errout': 0, 'dropin': 0, 'dropout': 0}","(0.37, 0.36, 0.37)"
2026-02-11T18:31:39.583910,92.2,81.8,12.839988708496094,15.698810577392578,66.4,332,"{'bytes_sent': 3534107, 'bytes_recv': 20555358, 'packets_sent': 21916, 'packets_recv': 21622, 'errin': 0, 'errout': 0, 'dropin': 0, 'dropout': 0}","(0.37, 0.36, 0.37)"
2026-02-11T18:31:40.730633,79.5,82.0,12.880741119384766,15.698810577392578,66.4,331,"{'bytes_sent': 3536363, 'bytes_recv': 20569120, 'packets_sent': 21946, 'packets_recv': 21647, 'errin': 0, 'errout': 0, 'dropin': 0, 'dropout': 0}","(0.37, 0.36, 0.37)"
2026-02-11T18:31:41.874224,74.4,83.3,13.080574035644531,15.698810577392578,66.4,331,"{'bytes_sent': 3537222, 'bytes_recv': 20575484, 'packets_sent': 21959, 'packets_recv': 21664, 'errin': 0, 'errout': 0, 'dropin': 0, 'dropout': 0}","(0.37, 0.36, 0.37)"
2026-02-11T18:31:43.001699,79.5,84.1,13.200637817382812,15.698810577392578,66.4,331,"{'bytes_sent': 3538498, 'bytes_recv': 20597744, 'packets_sent': 21975, 'packets_recv': 21694, 'errin': 0, 'errout': 0, 'dropin': 0, 'dropout': 0}","(0.37, 0.36, 0.37)"
2026-02-11T18:31:44.146063,65.5,84.6,13.28183364868164,15.698810577392578,66.4,331,"{'bytes_sent': 3540224, 'bytes_recv': 20617892, 'packets_sent': 21996, 'packets_recv': 21714, 'errin': 0, 'errout': 0, 'dropin': 0, 'dropout': 0}","(1.06, 0.51, 0.42)"
2026-02-11T18:31:45.276749,81.8,84.3,13.231826782226562,15.698810577392578,66.4,331,"{'bytes_sent': 3541568, 'bytes_recv': 20638178, 'packets_sent': 22012, 'packets_recv': 21731, 'errin': 0, 'errout': 0, 'dropin': 0, 'dropout': 0}","(1.06, 0.51, 0.42)"
2026-02-11T18:31:46.420860,74.7,83.6,13.125701904296875,15.698810577392578,66.4,331,"{'bytes_sent': 3542830, 'bytes_recv': 20653546, 'packets_sent': 22027, 'packets_recv': 21750, 'errin': 0, 'errout': 0, 'dropin': 0, 'dropout': 0}","(1.06, 0.51, 0.42)"
2026-02-11T18:31:47.564302,64.7,83.9,13.171096801757812,15.698810577392578,66.4,331,"{'bytes_sent': 3551121, 'bytes_recv': 20659516, 'packets_sent': 22041, 'packets_recv': 21755, 'errin': 0, 'errout': 0, 'dropin': 0, 'dropout': 0}","(1.06, 0.51, 0.42)"
2026-02-11T18:31:48.696364,69.4,83.7,13.132076263427734,15.698810577392578,66.4,331,"{'bytes_sent': 3554316, 'bytes_recv': 20670441, 'packets_sent': 22051, 'packets_recv': 21776, 'errin': 0, 'errout': 0, 'dropin': 0, 'dropout': 0}","(0.98, 0.5, 0.41)"
2026-02-11T18:31:49.824923,77.4,83.6,13.117912292480469,15.698810577392578,66.4,331,"{'bytes_sent': 3564435, 'bytes_recv': 20686611, 'packets_sent': 22076, 'packets_recv': 21803, 'errin': 0, 'errout': 0, 'dropin': 0, 'dropout': 0}","(0.98, 0.5, 0.41)"
2026-02-11T18:31:50.966489,59.6,84.0,13.179946899414062,15.698810577392578,66.4,331,"{'bytes_sent': 3568190, 'bytes_recv': 20725160, 'packets_sent': 22110, 'packets_recv': 21840, 'errin': 0, 'errout': 0, 'dropin': 0, 'dropout': 0}","(0.98, 0.5, 0.41)"
2026-02-11T18:31:52.097023,77.0,83.3,13.070587158203125,15.698810577392578,66.4,331,"{'bytes_sent': 3570228, 'bytes_recv': 20785610, 'packets_sent': 22139, 'packets_recv': 21883, 'errin': 0, 'errout': 0, 'dropin': 0, 'dropout': 0}","(0.98, 0.5, 0.41)"
2026-02-11T18:31:53.241813,83.3,83.7,13.133342742919922,15.698810577392578,66.4,331,"{'bytes_sent': 3574190, 'bytes_recv': 20878480, 'packets_sent': 22192, 'packets_recv': 21950, 'errin': 0, 'errout': 0, 'dropin': 0, 'dropout': 0}","(0.98, 0.5, 0.41)"
2026-02-11T18:31:54.386771,50.6,84.3,13.23248291015625,15.698810577392578,66.4,331,"{'bytes_sent': 3576422, 'bytes_recv': 20950787, 'packets_sent': 22224, 'packets_recv': 22002, 'errin': 0, 'errout': 0, 'dropin': 0, 'dropout': 0}","(0.9, 0.49, 0.41)"
2026-02-11T18:31:55.517988,59.7,84.2,13.218269348144531,15.698810577392578,66.4,332,"{'bytes_sent': 3579573, 'bytes_recv': 21039982, 'packets_sent': 22269, 'packets_recv': 22073, 'errin': 0, 'errout': 0, 'dropin': 0, 'dropout': 0}","(0.9, 0.49, 0.41)"
2026-02-11T18:31:56.651905,79.5,84.1,13.198143005371094,15.698810577392578,66.4,332,"{'bytes_sent': 3591890, 'bytes_recv': 21068279, 'packets_sent': 22307, 'packets_recv': 22110, 'errin': 0, 'errout': 0, 'dropin': 0, 'dropout': 0}","(0.9, 0.49, 0.41)"
2026-02-11T18:31:57.775897,64.4,84.5,13.263004302978516,15.698810577392578,66.4,332,"{'bytes_sent': 3596995, 'bytes_recv': 21096520, 'packets_sent': 22337, 'packets_recv': 22144, 'errin': 0, 'errout': 0, 'dropin': 0, 'dropout': 0}","(0.9, 0.49, 0.41)"
2026-02-11T18:31:58.916519,69.5,83.7,13.140777587890625,15.698810577392578,66.4,332,"{'bytes_sent': 3599485, 'bytes_recv': 21152864, 'packets_sent': 22373, 'packets_recv': 22193, 'errin': 0, 'errout': 0, 'dropin': 0, 'dropout': 0}","(1.23, 0.56, 0.44)"
2026-02-11T18:32:00.062077,53.6,84.1,13.201282501220703,15.698810577392578,66.4,332,"{'bytes_sent': 3601191, 'bytes_recv': 21197151, 'packets_sent': 22396, 'packets_recv': 22225, 'errin': 0, 'errout': 0, 'dropin': 0, 'dropout': 0}","(1.23, 0.56, 0.44)"
2026-02-11T18:32:01.205115,64.3,84.5,13.267513275146484,15.698810577392578,66.4,332,"{'bytes_sent': 3601887, 'bytes_recv': 21215215, 'packets_sent': 22406, 'packets_recv': 22241, 'errin': 0, 'errout': 0, 'dropin': 0, 'dropout': 0}","(1.23, 0.56, 0.44)"
2026-02-11T18:32:02.338263,63.4,83.7,13.146121978759766,15.698810577392578,66.4,332,"{'bytes_sent': 3603053, 'bytes_recv': 21227521, 'packets_sent': 22421, 'packets_recv': 22254, 'errin': 0, 'errout': 0, 'dropin': 0, 'dropout': 0}","(1.23, 0.56, 0.44)"
2026-02-11T18:32:03.481452,65.5,83.9,13.175460815429688,15.698810577392578,66.4,332,"{'bytes_sent': 3603471, 'bytes_recv': 21239431, 'packets_sent': 22426, 'packets_recv': 22263, 'errin': 0, 'errout': 0, 'dropin': 0, 'dropout': 0}","(1.13, 0.56, 0.43)"
2026-02-11T18:32:04.614526,77.9,84.2,13.212970733642578,15.698810577392578,66.4,332,"{'bytes_sent': 3604309, 'bytes_recv': 21249470, 'packets_sent': 22437, 'packets_recv': 22274, 'errin': 0, 'errout': 0, 'dropin': 0, 'dropout': 0}","(1.13, 0.56, 0.43)"
2026-02-11T18:32:05.741552,94.7,83.7,13.135025024414062,15.698810577392578,66.4,334,"{'bytes_sent': 3605378, 'bytes_recv': 21266767, 'packets_sent': 22452, 'packets_recv': 22297, 'errin': 0, 'errout': 0, 'dropin': 0, 'dropout': 0}","(1.13, 0.56, 0.43)"
2026-02-11T18:32:06.883073,77.0,83.9,13.165718078613281,15.698810577392578,66.4,332,"{'bytes_sent': 3606052, 'bytes_recv': 21281997, 'packets_sent': 22461, 'packets_recv': 22313, 'errin': 0, 'errout': 0, 'dropin': 0, 'dropout': 0}","(1.13, 0.56, 0.43)"
2026-02-11T18:32:08.029167,45.3,84.4,13.242565155029297,15.698810577392578,66.4,334,"{'bytes_sent': 3607575, 'bytes_recv': 21311790, 'packets_sent': 22482, 'packets_recv': 22337, 'errin': 0, 'errout': 0, 'dropin': 0, 'dropout': 0}","(1.13, 0.56, 0.43)"
2026-02-11T18:32:09.157264,80.0,82.7,12.975242614746094,15.698810577392578,66.4,332,"{'bytes_sent': 3608866, 'bytes_recv': 21338758, 'packets_sent': 22501, 'packets_recv': 22361, 'errin': 0, 'errout': 0, 'dropin': 0, 'dropout': 0}","(1.12, 0.56, 0.44)"
2026-02-11T18:32:10.289065,74.3,83.1,13.03896713256836,15.698810577392578,66.4,334,"{'bytes_sent': 3609922, 'bytes_recv': 21375664, 'packets_sent': 22517, 'packets_recv': 22388, 'errin': 0, 'errout': 0, 'dropin': 0, 'dropout': 0}","(1.12, 0.56, 0.44)"
2026-02-11T18:32:11.432533,65.1,83.5,13.110774993896484,15.698810577392578,66.4,332,"{'bytes_sent': 3611118, 'bytes_recv': 21410100, 'packets_sent': 22533, 'packets_recv': 22415, 'errin': 0, 'errout': 0, 'dropin': 0, 'dropout': 0}","(1.12, 0.56, 0.44)"
2026-02-11T18:32:12.562622,67.9,83.0,13.03717041015625,15.698810577392578,66.4,332,"{'bytes_sent': 3612804, 'bytes_recv': 21476642, 'packets_sent': 22558, 'packets_recv': 22465, 'errin': 0, 'errout': 0, 'dropin': 0, 'dropout': 0}","(1.12, 0.56, 0.44)"
2026-02-11T18:32:13.692910,61.2,82.9,13.008552551269531,15.698810577392578,66.4,332,"{'bytes_sent': 3614692, 'bytes_recv': 21512120, 'packets_sent': 22584, 'packets_recv': 22492, 'errin': 0, 'errout': 0, 'dropin': 0, 'dropout': 0}","(1.03, 0.55, 0.44)"
2026-02-11T18:32:14.849148,80.9,83.2,13.057247161865234,15.698810577392578,66.4,332,"{'bytes_sent': 3616084, 'bytes_recv': 21546382, 'packets_sent': 22604, 'packets_recv': 22519, 'errin': 0, 'errout': 0, 'dropin': 0, 'dropout': 0}","(1.03, 0.55, 0.44)"
2026-02-11T18:32:15.994423,64.3,82.8,12.991535186767578,15.698810577392578,66.4,332,"{'bytes_sent': 3618506, 'bytes_recv': 21624266, 'packets_sent': 22639, 'packets_recv': 22577, 'errin': 0, 'errout': 0, 'dropin': 0, 'dropout': 0}","(1.03, 0.55, 0.44)"
2026-02-11T18:32:17.140117,67.8,82.7,12.98538589477539,15.698810577392578,66.4,332,"{'bytes_sent': 3620577, 'bytes_recv': 21679583, 'packets_sent': 22670, 'packets_recv': 22619, 'errin': 0, 'errout': 0, 'dropin': 0, 'dropout': 0}","(1.03, 0.55, 0.44)"
2026-02-11T18:32:18.286196,94.4,83.2,13.057292938232422,15.698810577392578,66.4,332,"{'bytes_sent': 3624974, 'bytes_recv': 21755317, 'packets_sent': 22714, 'packets_recv': 22681, 'errin': 0, 'errout': 0, 'dropin': 0, 'dropout': 0}","(1.03, 0.55, 0.44)"
2026-02-11T18:32:19.430729,75.6,82.9,13.0084228515625,15.698810577392578,66.4,332,"{'bytes_sent': 3627997, 'bytes_recv': 21826901, 'packets_sent': 22757, 'packets_recv': 22741, 'errin': 0, 'errout': 0, 'dropin': 0, 'dropout': 0}","(0.95, 0.54, 0.43)"
2026-02-11T18:32:20.561463,75.9,82.6,12.97235107421875,15.698810577392578,66.4,332,"{'bytes_sent': 3630576, 'bytes_recv': 21880668, 'packets_sent': 22792, 'packets_recv': 22782, 'errin': 0, 'errout': 0, 'dropin': 0, 'dropout': 0}","(0.95, 0.54, 0.43)"
2026-02-11T18:32:21.703731,60.0,83.1,13.043296813964844,15.698810577392578,66.4,332,"{'bytes_sent': 3632942, 'bytes_recv': 21936962, 'packets_sent': 22825, 'packets_recv': 22823, 'errin': 0, 'errout': 0, 'dropin': 0, 'dropout': 0}","(0.95, 0.54, 0.43)"
2026-02-11T18:32:22.846916,72.1,83.5,13.113876342773438,15.698810577392578,66.4,332,"{'bytes_sent': 3634556, 'bytes_recv': 21973712, 'packets_sent': 22848, 'packets_recv': 22848, 'errin': 0, 'errout': 0, 'dropin': 0, 'dropout': 0}","(0.95, 0.54, 0.43)"
2026-02-11T18:32:23.977531,64.6,83.0,13.026630401611328,15.698810577392578,66.4,332,"{'bytes_sent': 3636734, 'bytes_recv': 22017161, 'packets_sent': 22881, 'packets_recv': 22888, 'errin': 0, 'errout': 0, 'dropin': 0, 'dropout': 0}","(0.87, 0.54, 0.43)"
2026-02-11T18:32:25.123121,80.2,83.1,13.051597595214844,15.698810577392578,66.4,332,"{'bytes_sent': 3639046, 'bytes_recv': 22076061, 'packets_sent': 22913, 'packets_recv': 22933, 'errin': 0, 'errout': 0, 'dropin': 0, 'dropout': 0}","(0.87, 0.54, 0.43)"
2026-02-11T18:32:26.268041,56.5,83.4,13.091621398925781,15.698810577392578,66.4,331,"{'bytes_sent': 3641398, 'bytes_recv': 22151196, 'packets_sent': 22947, 'packets_recv': 22986, 'errin': 0, 'errout': 0, 'dropin': 0, 'dropout': 0}","(0.87, 0.54, 0.43)"
2026-02-11T18:32:27.412753,74.7,82.4,12.934539794921875,15.698810577392578,66.4,331,"{'bytes_sent': 3644098, 'bytes_recv': 22247202, 'packets_sent': 22985, 'packets_recv': 23055, 'errin': 0, 'errout': 0, 'dropin': 0, 'dropout': 0}","(0.87, 0.54, 0.43)"
2026-02-11T18:32:28.547555,87.6,82.9,13.017562866210938,15.698810577392578,66.4,331,"{'bytes_sent': 3648061, 'bytes_recv': 22319861, 'packets_sent': 23032, 'packets_recv': 23106, 'errin': 0, 'errout': 0, 'dropin': 0, 'dropout': 0}","(0.8, 0.53, 0.43)"
2026-02-11T18:32:29.699746,74.4,83.3,13.083755493164062,15.698810577392578,66.4,331,"{'bytes_sent': 3649627, 'bytes_recv': 22365431, 'packets_sent': 23054, 'packets_recv': 23137, 'errin': 0, 'errout': 0, 'dropin': 0, 'dropout': 0}","(0.8, 0.53, 0.43)"
2026-02-11T18:32:30.846902,69.9,82.8,12.994537353515625,15.698810577392578,66.4,331,"{'bytes_sent': 3651389, 'bytes_recv': 22396971, 'packets_sent': 23078, 'packets_recv': 23163, 'errin': 0, 'errout': 0, 'dropin': 0, 'dropout': 0}","(0.8, 0.53, 0.43)"
2026-02-11T18:32:31.990865,89.9,83.1,13.050689697265625,15.698810577392578,66.4,331,"{'bytes_sent': 3652403, 'bytes_recv': 22432061, 'packets_sent': 23093, 'packets_recv': 23188, 'errin': 0, 'errout': 0, 'dropin': 0, 'dropout': 0}","(0.8, 0.53, 0.43)"
2026-02-11T18:32:33.135477,75.6,83.5,13.106826782226562,15.698810577392578,66.4,331,"{'bytes_sent': 3653675, 'bytes_recv': 22468893, 'packets_sent': 23111, 'packets_recv': 23214, 'errin': 0, 'errout': 0, 'dropin': 0, 'dropout': 0}","(0.8, 0.53, 0.43)"
2026-02-11T18:32:34.278441,53.4,83.9,13.164752960205078,15.698810577392578,66.4,331,"{'bytes_sent': 3664129, 'bytes_recv': 22511922, 'packets_sent': 23149, 'packets_recv': 23260, 'errin': 0, 'errout': 0, 'dropin': 0, 'dropout': 0}","(0.82, 0.53, 0.43)"
2026-02-11T18:32:35.426304,48.8,82.7,12.98172378540039,15.698810577392578,66.4,331,"{'bytes_sent': 3664911, 'bytes_recv': 22539076, 'packets_sent': 23160, 'packets_recv': 23285, 'errin': 0, 'errout': 0, 'dropin': 0, 'dropout': 0}","(0.82, 0.53, 0.43)"
2026-02-11T18:32:36.567632,60.2,83.0,13.031158447265625,15.698810577392578,66.4,331,"{'bytes_sent': 3665639, 'bytes_recv': 22561450, 'packets_sent': 23170, 'packets_recv': 23303, 'errin': 0, 'errout': 0, 'dropin': 0, 'dropout': 0}","(0.82, 0.53, 0.43)"
2026-02-11T18:32:37.697902,64.4,82.7,12.977092742919922,15.698810577392578,66.4,331,"{'bytes_sent': 3666395, 'bytes_recv': 22579490, 'packets_sent': 23180, 'packets_recv': 23321, 'errin': 0, 'errout': 0, 'dropin': 0, 'dropout': 0}","(0.82, 0.53, 0.43)"
2026-02-11T18:32:38.837930,70.9,82.9,13.020458221435547,15.698810577392578,66.4,331,"{'bytes_sent': 3667181, 'bytes_recv': 22603226, 'packets_sent': 23191, 'packets_recv': 23339, 'errin': 0, 'errout': 0, 'dropin': 0, 'dropout': 0}","(0.75, 0.53, 0.43)"
2026-02-11T18:32:39.973790,94.6,82.9,13.009323120117188,15.698810577392578,66.4,331,"{'bytes_sent': 3668875, 'bytes_recv': 22627851, 'packets_sent': 23209, 'packets_recv': 23362, 'errin': 0, 'errout': 0, 'dropin': 0, 'dropout': 0}","(0.75, 0.53, 0.43)"
2026-02-11T18:32:41.118974,86.9,83.3,13.084362030029297,15.698810577392578,66.4,333,"{'bytes_sent': 3669207, 'bytes_recv': 22630791, 'packets_sent': 23213, 'packets_recv': 23364, 'errin': 0, 'errout': 0, 'dropin': 0, 'dropout': 0}","(0.75, 0.53, 0.43)"
2026-02-11T18:32:42.282003,86.0,82.8,12.999309539794922,15.698810577392578,66.4,331,"{'bytes_sent': 3671654, 'bytes_recv': 22653437, 'packets_sent': 23236, 'packets_recv': 23389, 'errin': 0, 'errout': 0, 'dropin': 0, 'dropout': 0}","(0.75, 0.53, 0.43)"
2026-02-11T18:32:43.435776,85.2,82.8,13.001663208007812,15.698810577392578,66.4,333,"{'bytes_sent': 3672426, 'bytes_recv': 22669880, 'packets_sent': 23246, 'packets_recv': 23403, 'errin': 0, 'errout': 0, 'dropin': 0, 'dropout': 0}","(0.69, 0.52, 0.43)"
2026-02-11T18:32:44.565411,65.9,83.1,13.05291748046875,15.698810577392578,66.4,331,"{'bytes_sent': 3674128, 'bytes_recv': 22698164, 'packets_sent': 23266, 'packets_recv': 23425, 'errin': 0, 'errout': 0, 'dropin': 0, 'dropout': 0}","(0.69, 0.52, 0.43)"
2026-02-11T18:32:45.710878,90.8,83.8,13.15643310546875,15.698810577392578,66.4,333,"{'bytes_sent': 3677054, 'bytes_recv': 22763955, 'packets_sent': 23303, 'packets_recv': 23484, 'errin': 0, 'errout': 0, 'dropin': 0, 'dropout': 0}","(0.69, 0.52, 0.43)"
2026-02-11T18:32:46.857288,83.0,83.1,13.051982879638672,15.698810577392578,66.4,331,"{'bytes_sent': 3680534, 'bytes_recv': 22837167, 'packets_sent': 23349, 'packets_recv': 23559, 'errin': 0, 'errout': 0, 'dropin': 0, 'dropout': 0}","(0.69, 0.52, 0.43)"
2026-02-11T18:32:48.002597,66.7,82.5,12.95028305053711,15.698810577392578,66.4,333,"{'bytes_sent': 3693597, 'bytes_recv': 22890406, 'packets_sent': 23393, 'packets_recv': 23617, 'errin': 0, 'errout': 0, 'dropin': 0, 'dropout': 0}","(0.69, 0.52, 0.43)"
2026-02-11T18:32:49.165198,100.0,82.9,13.017940521240234,15.698810577392578,66.4,331,"{'bytes_sent': 3696035, 'bytes_recv': 22935212, 'packets_sent': 23426, 'packets_recv': 23656, 'errin': 0, 'errout': 0, 'dropin': 0, 'dropout': 0}","(0.64, 0.51, 0.42)"
2026-02-11T18:32:50.305279,84.0,82.7,12.988201141357422,15.698810577392578,66.4,331,"{'bytes_sent': 3699445, 'bytes_recv': 22995530, 'packets_sent': 23473, 'packets_recv': 23720, 'errin': 0, 'errout': 0, 'dropin': 0, 'dropout': 0}","(0.64, 0.51, 0.42)"
2026-02-11T18:32:51.465689,66.0,82.8,12.993465423583984,15.698810577392578,66.4,331,"{'bytes_sent': 3702179, 'bytes_recv': 23062681, 'packets_sent': 23512, 'packets_recv': 23790, 'errin': 0, 'errout': 0, 'dropin': 0, 'dropout': 0}","(0.64, 0.51, 0.42)"
2026-02-11T18:32:52.595510,75.6,83.1,13.04693603515625,15.698810577392578,66.4,331,"{'bytes_sent': 3704899, 'bytes_recv': 23128141, 'packets_sent': 23550, 'packets_recv': 23845, 'errin': 0, 'errout': 0, 'dropin': 0, 'dropout': 0}","(0.64, 0.51, 0.42)"
2026-02-11T18:32:53.740812,91.0,83.2,13.065563201904297,15.698810577392578,66.4,331,"{'bytes_sent': 3708155, 'bytes_recv': 23203288, 'packets_sent': 23596, 'packets_recv': 23910, 'errin': 0, 'errout': 0, 'dropin': 0, 'dropout': 0}","(0.75, 0.53, 0.43)"
2026-02-11T18:32:54.887431,66.3,82.5,12.950462341308594,15.698810577392578,66.4,331,"{'bytes_sent': 3711709, 'bytes_recv': 23311920, 'packets_sent': 23647, 'packets_recv': 24000, 'errin': 0, 'errout': 0, 'dropin': 0, 'dropout': 0}","(0.75, 0.53, 0.43)"
2026-02-11T18:32:56.031555,81.6,82.9,13.014217376708984,15.698810577392578,66.4,331,"{'bytes_sent': 3715967, 'bytes_recv': 23417793, 'packets_sent': 23706, 'packets_recv': 24092, 'errin': 0, 'errout': 0, 'dropin': 0, 'dropout': 0}","(0.75, 0.53, 0.43)"
2026-02-11T18:32:57.177664,79.3,83.3,13.081497192382812,15.698810577392578,66.4,331,"{'bytes_sent': 3719757, 'bytes_recv': 23520915, 'packets_sent': 23760, 'packets_recv': 24182, 'errin': 0, 'errout': 0, 'dropin': 0, 'dropout': 0}","(0.75, 0.53, 0.43)"
2026-02-11T18:32:58.341862,67.1,83.9,13.169219970703125,15.698810577392578,66.4,331,"{'bytes_sent': 3723671, 'bytes_recv': 23586742, 'packets_sent': 23813, 'packets_recv': 24242, 'errin': 0, 'errout': 0, 'dropin': 0, 'dropout': 0}","(0.75, 0.53, 0.43)"
2026-02-11T18:32:59.478963,71.1,83.0,13.036277770996094,15.698810577392578,66.4,331,"{'bytes_sent': 3726205, 'bytes_recv': 23649396, 'packets_sent': 23848, 'packets_recv': 24294, 'errin': 0, 'errout': 0, 'dropin': 0, 'dropout': 0}","(0.77, 0.54, 0.44)"
2026-02-11T18:33:00.625586,75.9,83.0,13.037303924560547,15.698810577392578,66.4,331,"{'bytes_sent': 3729565, 'bytes_recv': 23724608, 'packets_sent': 23896, 'packets_recv': 24361, 'errin': 0, 'errout': 0, 'dropin': 0, 'dropout': 0}","(0.77, 0.54, 0.44)"
2026-02-11T18:33:01.770118,83.1,83.3,13.08355712890625,15.698810577392578,66.4,331,"{'bytes_sent': 3732288, 'bytes_recv': 23783663, 'packets_sent': 23935, 'packets_recv': 24412, 'errin': 0, 'errout': 0, 'dropin': 0, 'dropout': 0}","(0.77, 0.54, 0.44)"
2026-02-11T18:33:02.915297,92.0,82.7,12.98770523071289,15.698810577392578,66.4,331,"{'bytes_sent': 3735014, 'bytes_recv': 23828593, 'packets_sent': 23972, 'packets_recv': 24453, 'errin': 0, 'errout': 0, 'dropin': 0, 'dropout': 0}","(0.77, 0.54, 0.44)"
2026-02-11T18:33:04.086923,88.1,82.9,13.020893096923828,15.698810577392578,66.4,331,"{'bytes_sent': 3737637, 'bytes_recv': 23875238, 'packets_sent': 24003, 'packets_recv': 24494, 'errin': 0, 'errout': 0, 'dropin': 0, 'dropout': 0}","(0.7, 0.53, 0.43)"
2026-02-11T18:33:05.249816,77.9,83.5,13.11368179321289,15.698810577392578,66.4,331,"{'bytes_sent': 3739929, 'bytes_recv': 23913755, 'packets_sent': 24034, 'packets_recv': 24533, 'errin': 0, 'errout': 0, 'dropin': 0, 'dropout': 0}","(0.7, 0.53, 0.43)"
2026-02-11T18:33:06.411535,80.7,82.8,12.996295928955078,15.698810577392578,66.4,331,"{'bytes_sent': 3742318, 'bytes_recv': 23961167, 'packets_sent': 24068, 'packets_recv': 24580, 'errin': 0, 'errout': 0, 'dropin': 0, 'dropout': 0}","(0.7, 0.53, 0.43)"
2026-02-11T18:33:07.568249,68.0,83.2,13.065311431884766,15.698810577392578,66.4,331,"{'bytes_sent': 3747247, 'bytes_recv': 24007513, 'packets_sent': 24106, 'packets_recv': 24631, 'errin': 0, 'errout': 0, 'dropin': 0, 'dropout': 0}","(0.7, 0.53, 0.43)"
2026-02-11T18:33:08.703117,75.0,82.5,12.951103210449219,15.698810577392578,66.4,331,"{'bytes_sent': 3749851, 'bytes_recv': 24050188, 'packets_sent': 24135, 'packets_recv': 24674, 'errin': 0, 'errout': 0, 'dropin': 0, 'dropout': 0}","(1.05, 0.61, 0.46)"
2026-02-11T18:33:09.845175,91.9,82.4,12.943153381347656,15.698810577392578,66.4,333,"{'bytes_sent': 3750985, 'bytes_recv': 24081057, 'packets_sent': 24152, 'packets_recv': 24700, 'errin': 0, 'errout': 0, 'dropin': 0, 'dropout': 0}","(1.05, 0.61, 0.46)"
2026-02-11T18:33:11.004048,95.5,82.4,12.934623718261719,15.698810577392578,66.4,331,"{'bytes_sent': 3751951, 'bytes_recv': 24105004, 'packets_sent': 24167, 'packets_recv': 24721, 'errin': 0, 'errout': 0, 'dropin': 0, 'dropout': 0}","(1.05, 0.61, 0.46)"
2026-02-11T18:33:12.164571,97.8,82.9,13.015914916992188,15.698810577392578,66.4,333,"{'bytes_sent': 3752499, 'bytes_recv': 24112144, 'packets_sent': 24173, 'packets_recv': 24734, 'errin': 0, 'errout': 0, 'dropin': 0, 'dropout': 0}","(1.05, 0.61, 0.46)"
2026-02-11T18:33:13.311159,65.2,83.3,13.079498291015625,15.698810577392578,66.4,331,"{'bytes_sent': 3753637, 'bytes_recv': 24132512, 'packets_sent': 24188, 'packets_recv': 24753, 'errin': 0, 'errout': 0, 'dropin': 0, 'dropout': 0}","(1.05, 0.61, 0.46)"
2026-02-11T18:33:14.455280,86.0,82.9,13.010772705078125,15.698810577392578,66.4,333,"{'bytes_sent': 3755447, 'bytes_recv': 24162612, 'packets_sent': 24213, 'packets_recv': 24781, 'errin': 0, 'errout': 0, 'dropin': 0, 'dropout': 0}","(0.96, 0.6, 0.46)"
2026-02-11T18:33:15.601412,87.8,83.0,13.026676177978516,15.698810577392578,66.4,331,"{'bytes_sent': 3757455, 'bytes_recv': 24202457, 'packets_sent': 24241, 'packets_recv': 24814, 'errin': 0, 'errout': 0, 'dropin': 0, 'dropout': 0}","(0.96, 0.6, 0.46)"
2026-02-11T18:33:16.747087,81.8,83.5,13.108665466308594,15.698810577392578,66.4,331,"{'bytes_sent': 3758857, 'bytes_recv': 24232894, 'packets_sent': 24260, 'packets_recv': 24851, 'errin': 0, 'errout': 0, 'dropin': 0, 'dropout': 0}","(0.96, 0.6, 0.46)"
2026-02-11T18:33:17.887559,73.7,83.7,13.147205352783203,15.698810577392578,66.4,331,"{'bytes_sent': 3766010, 'bytes_recv': 24267035, 'packets_sent': 24276, 'packets_recv': 24889, 'errin': 0, 'errout': 0, 'dropin': 0, 'dropout': 0}","(0.96, 0.6, 0.46)"
2026-02-11T18:33:19.033709,73.6,82.6,12.971710205078125,15.698810577392578,66.4,331,"{'bytes_sent': 3771497, 'bytes_recv': 24289504, 'packets_sent': 24301, 'packets_recv': 24914, 'errin': 0, 'errout': 0, 'dropin': 0, 'dropout': 0}","(0.97, 0.6, 0.46)"
2026-02-11T18:33:20.178047,76.3,82.5,12.946723937988281,15.698810577392578,66.4,331,"{'bytes_sent': 3772227, 'bytes_recv': 24305458, 'packets_sent': 24311, 'packets_recv': 24935, 'errin': 0, 'errout': 0, 'dropin': 0, 'dropout': 0}","(0.97, 0.6, 0.46)"
2026-02-11T18:33:21.339417,84.7,82.9,13.015079498291016,15.698810577392578,66.4,331,"{'bytes_sent': 3774133, 'bytes_recv': 24346289, 'packets_sent': 24338, 'packets_recv': 24982, 'errin': 0, 'errout': 0, 'dropin': 0, 'dropout': 0}","(0.97, 0.6, 0.46)"
2026-02-11T18:33:22.486695,80.0,82.5,12.958133697509766,15.698810577392578,66.4,331,"{'bytes_sent': 3776209, 'bytes_recv': 24390278, 'packets_sent': 24368, 'packets_recv': 25039, 'errin': 0, 'errout': 0, 'dropin': 0, 'dropout': 0}","(0.97, 0.6, 0.46)"
2026-02-11T18:33:23.631283,88.6,82.5,12.956489562988281,15.698810577392578,66.4,331,"{'bytes_sent': 3778225, 'bytes_recv': 24429442, 'packets_sent': 24396, 'packets_recv': 25079, 'errin': 0, 'errout': 0, 'dropin': 0, 'dropout': 0}","(0.89, 0.59, 0.46)"
2026-02-11T18:33:24.772254,75.9,83.0,13.027782440185547,15.698810577392578,66.4,331,"{'bytes_sent': 3781249, 'bytes_recv': 24492940, 'packets_sent': 24438, 'packets_recv': 25135, 'errin': 0, 'errout': 0, 'dropin': 0, 'dropout': 0}","(0.89, 0.59, 0.46)"
2026-02-11T18:33:25.916771,78.4,82.7,12.988815307617188,15.698810577392578,66.4,331,"{'bytes_sent': 3782245, 'bytes_recv': 24521185, 'packets_sent': 24452, 'packets_recv': 25162, 'errin': 0, 'errout': 0, 'dropin': 0, 'dropout': 0}","(0.89, 0.59, 0.46)"
2026-02-11T18:33:27.063787,75.3,82.7,12.980155944824219,15.698810577392578,66.4,331,"{'bytes_sent': 3784221, 'bytes_recv': 24570107, 'packets_sent': 24480, 'packets_recv': 25204, 'errin': 0, 'errout': 0, 'dropin': 0, 'dropout': 0}","(0.89, 0.59, 0.46)"
2026-02-11T18:33:28.209083,65.3,82.9,13.015445709228516,15.698810577392578,66.4,331,"{'bytes_sent': 3786373, 'bytes_recv': 24624272, 'packets_sent': 24510, 'packets_recv': 25243, 'errin': 0, 'errout': 0, 'dropin': 0, 'dropout': 0}","(0.89, 0.59, 0.46)"
2026-02-11T18:33:29.345954,74.4,83.3,13.078453063964844,15.698810577392578,66.4,331,"{'bytes_sent': 3787769, 'bytes_recv': 24660738, 'packets_sent': 24530, 'packets_recv': 25274, 'errin': 0, 'errout': 0, 'dropin': 0, 'dropout': 0}","(0.82, 0.58, 0.45)"
2026-02-11T18:33:30.482316,73.8,83.1,13.041847229003906,15.698810577392578,66.4,331,"{'bytes_sent': 3789222, 'bytes_recv': 24693442, 'packets_sent': 24552, 'packets_recv': 25302, 'errin': 0, 'errout': 0, 'dropin': 0, 'dropout': 0}","(0.82, 0.58, 0.45)"
2026-02-11T18:33:31.612652,64.7,83.0,13.02956771850586,15.698810577392578,66.4,331,"{'bytes_sent': 3789996, 'bytes_recv': 24717120, 'packets_sent': 24563, 'packets_recv': 25320, 'errin': 0, 'errout': 0, 'dropin': 0, 'dropout': 0}","(0.82, 0.58, 0.45)"
2026-02-11T18:33:32.769956,82.0,83.3,13.076171875,15.698810577392578,66.4,330,"{'bytes_sent': 3791682, 'bytes_recv': 24757546, 'packets_sent': 24586, 'packets_recv': 25357, 'errin': 0, 'errout': 0, 'dropin': 0, 'dropout': 0}","(0.82, 0.58, 0.45)"
2026-02-11T18:33:33.914481,98.9,83.3,13.082172393798828,15.698810577392578,66.4,330,"{'bytes_sent': 3794455, 'bytes_recv': 24816595, 'packets_sent': 24620, 'packets_recv': 25411, 'errin': 0, 'errout': 0, 'dropin': 0, 'dropout': 0}","(0.75, 0.57, 0.45)"
2026-02-11T18:33:35.046465,87.2,82.8,13.00070571899414,15.698810577392578,66.4,330,"{'bytes_sent': 3796437, 'bytes_recv': 24864008, 'packets_sent': 24649, 'packets_recv': 25457, 'errin': 0, 'errout': 0, 'dropin': 0, 'dropout': 0}","(0.75, 0.57, 0.45)"
2026-02-11T18:33:36.188258,80.7,83.0,13.031959533691406,15.698810577392578,66.4,330,"{'bytes_sent': 3797733, 'bytes_recv': 24879783, 'packets_sent': 24667, 'packets_recv': 25474, 'errin': 0, 'errout': 0, 'dropin': 0, 'dropout': 0}","(0.75, 0.57, 0.45)"
2026-02-11T18:33:37.319976,82.3,83.6,13.12051773071289,15.698810577392578,66.4,330,"{'bytes_sent': 3800144, 'bytes_recv': 24916838, 'packets_sent': 24700, 'packets_recv': 25508, 'errin': 0, 'errout': 0, 'dropin': 0, 'dropout': 0}","(0.75, 0.57, 0.45)"
2026-02-11T18:33:38.465557,88.6,83.4,13.087242126464844,15.698810577392578,66.4,332,"{'bytes_sent': 3801522, 'bytes_recv': 24954157, 'packets_sent': 24721, 'packets_recv': 25538, 'errin': 0, 'errout': 0, 'dropin': 0, 'dropout': 0}","(0.77, 0.58, 0.46)"
2026-02-11T18:33:39.606462,58.3,82.9,13.00748062133789,15.698810577392578,66.4,330,"{'bytes_sent': 3803568, 'bytes_recv': 25014430, 'packets_sent': 24750, 'packets_recv': 25587, 'errin': 0, 'errout': 0, 'dropin': 0, 'dropout': 0}","(0.77, 0.58, 0.46)"
2026-02-11T18:33:40.736395,92.3,83.5,13.108325958251953,15.698810577392578,66.4,332,"{'bytes_sent': 3806130, 'bytes_recv': 25089779, 'packets_sent': 24787, 'packets_recv': 25646, 'errin': 0, 'errout': 0, 'dropin': 0, 'dropout': 0}","(0.77, 0.58, 0.46)"
2026-02-11T18:33:41.897730,67.1,82.4,12.934959411621094,15.698810577392578,66.4,330,"{'bytes_sent': 3806592, 'bytes_recv': 25097212, 'packets_sent': 24794, 'packets_recv': 25653, 'errin': 0, 'errout': 0, 'dropin': 0, 'dropout': 0}","(0.77, 0.58, 0.46)"
2026-02-11T18:33:43.043793,76.5,82.4,12.9315185546875,15.698810577392578,66.4,332,"{'bytes_sent': 3806712, 'bytes_recv': 25098291, 'packets_sent': 24796, 'packets_recv': 25656, 'errin': 0, 'errout': 0, 'dropin': 0, 'dropout': 0}","(0.77, 0.58, 0.46)"
2026-02-11T18:33:44.187893,74.2,82.8,13.003643035888672,15.698810577392578,66.4,330,"{'bytes_sent': 3808180, 'bytes_recv': 25132617, 'packets_sent': 24816, 'packets_recv': 25684, 'errin': 0, 'errout': 0, 'dropin': 0, 'dropout': 0}","(0.71, 0.57, 0.45)"
2026-02-11T18:33:45.319057,83.5,83.2,13.062126159667969,15.698810577392578,66.4,330,"{'bytes_sent': 3809716, 'bytes_recv': 25168875, 'packets_sent': 24838, 'packets_recv': 25716, 'errin': 0, 'errout': 0, 'dropin': 0, 'dropout': 0}","(0.71, 0.57, 0.45)"
2026-02-11T18:33:46.467322,71.8,83.3,13.069339752197266,15.698810577392578,66.4,330,"{'bytes_sent': 3810582, 'bytes_recv': 25188723, 'packets_sent': 24848, 'packets_recv': 25739, 'errin': 0, 'errout': 0, 'dropin': 0, 'dropout': 0}","(0.71, 0.57, 0.45)"
2026-02-11T18:33:47.604186,47.4,83.0,13.032440185546875,15.698810577392578,66.4,330,"{'bytes_sent': 3813376, 'bytes_recv': 25214895, 'packets_sent': 24868, 'packets_recv': 25764, 'errin': 0, 'errout': 0, 'dropin': 0, 'dropout': 0}","(0.71, 0.57, 0.45)"
2026-02-11T18:33:48.734424,84.9,83.3,13.077144622802734,15.698810577392578,66.4,330,"{'bytes_sent': 3819436, 'bytes_recv': 25263683, 'packets_sent': 24906, 'packets_recv': 25812, 'errin': 0, 'errout': 0, 'dropin': 0, 'dropout': 0}","(0.65, 0.56, 0.45)"
2026-02-11T18:33:49.879263,79.3,83.3,13.082958221435547,15.698810577392578,66.4,330,"{'bytes_sent': 3822163, 'bytes_recv': 25281827, 'packets_sent': 24924, 'packets_recv': 25831, 'errin': 0, 'errout': 0, 'dropin': 0, 'dropout': 0}","(0.65, 0.56, 0.45)"
2026-02-11T18:33:51.024773,78.4,82.8,13.000667572021484,15.698810577392578,66.4,330,"{'bytes_sent': 3823556, 'bytes_recv': 25309454, 'packets_sent': 24944, 'packets_recv': 25857, 'errin': 0, 'errout': 0, 'dropin': 0, 'dropout': 0}","(0.65, 0.56, 0.45)"
2026-02-11T18:33:52.169014,52.9,83.1,13.052509307861328,15.698810577392578,66.4,330,"{'bytes_sent': 3827766, 'bytes_recv': 25363129, 'packets_sent': 24984, 'packets_recv': 25906, 'errin': 0, 'errout': 0, 'dropin': 0, 'dropout': 0}","(0.65, 0.56, 0.45)"
2026-02-11T18:33:53.299292,76.7,83.4,13.094459533691406,15.698810577392578,66.4,330,"{'bytes_sent': 3830571, 'bytes_recv': 25401913, 'packets_sent': 25005, 'packets_recv': 25944, 'errin': 0, 'errout': 0, 'dropin': 0, 'dropout': 0}","(0.65, 0.56, 0.45)"
2026-02-11T18:33:54.440656,84.7,83.1,13.046150207519531,15.698810577392578,66.4,330,"{'bytes_sent': 3833423, 'bytes_recv': 25438946, 'packets_sent': 25026, 'packets_recv': 25977, 'errin': 0, 'errout': 0, 'dropin': 0, 'dropout': 0}","(0.6, 0.55, 0.45)"
2026-02-11T18:33:55.586384,81.6,82.9,13.016559600830078,15.698810577392578,66.4,330,"{'bytes_sent': 3835523, 'bytes_recv': 25482306, 'packets_sent': 25054, 'packets_recv': 26020, 'errin': 0, 'errout': 0, 'dropin': 0, 'dropout': 0}","(0.6, 0.55, 0.45)"
2026-02-11T18:33:56.729434,74.0,83.3,13.082466125488281,15.698810577392578,66.4,330,"{'bytes_sent': 3838373, 'bytes_recv': 25520866, 'packets_sent': 25076, 'packets_recv': 26053, 'errin': 0, 'errout': 0, 'dropin': 0, 'dropout': 0}","(0.6, 0.55, 0.45)"
2026-02-11T18:33:57.876762,78.2,83.5,13.113983154296875,15.698810577392578,66.4,330,"{'bytes_sent': 3840837, 'bytes_recv': 25575206, 'packets_sent': 25110, 'packets_recv': 26104, 'errin': 0, 'errout': 0, 'dropin': 0, 'dropout': 0}","(0.6, 0.55, 0.45)"
2026-02-11T18:33:59.023100,73.0,82.4,12.935203552246094,15.698810577392578,66.4,330,"{'bytes_sent': 3842099, 'bytes_recv': 25593089, 'packets_sent': 25127, 'packets_recv': 26122, 'errin': 0, 'errout': 0, 'dropin': 0, 'dropout': 0}","(0.55, 0.54, 0.45)"
2026-02-11T18:34:00.165697,95.9,82.4,12.93646240234375,15.698810577392578,66.4,330,"{'bytes_sent': 3845297, 'bytes_recv': 25618224, 'packets_sent': 25153, 'packets_recv': 26151, 'errin': 0, 'errout': 0, 'dropin': 0, 'dropout': 0}","(0.55, 0.54, 0.45)"
2026-02-11T18:34:01.297218,80.6,82.9,13.008319854736328,15.698810577392578,66.4,330,"{'bytes_sent': 3848444, 'bytes_recv': 25684036, 'packets_sent': 25199, 'packets_recv': 26215, 'errin': 0, 'errout': 0, 'dropin': 0, 'dropout': 0}","(0.55, 0.54, 0.45)"
2026-02-11T18:34:02.453596,77.3,83.2,13.055583953857422,15.698810577392578,66.4,330,"{'bytes_sent': 3855982, 'bytes_recv': 25759020, 'packets_sent': 25247, 'packets_recv': 26280, 'errin': 0, 'errout': 0, 'dropin': 0, 'dropout': 0}","(0.55, 0.54, 0.45)"
2026-02-11T18:34:03.600468,72.0,82.6,12.969917297363281,15.698810577392578,66.4,330,"{'bytes_sent': 3857236, 'bytes_recv': 25788299, 'packets_sent': 25264, 'packets_recv': 26309, 'errin': 0, 'errout': 0, 'dropin': 0, 'dropout': 0}","(0.51, 0.53, 0.44)"
2026-02-11T18:34:04.746577,72.9,82.9,13.006511688232422,15.698810577392578,66.4,330,"{'bytes_sent': 3858882, 'bytes_recv': 25810762, 'packets_sent': 25286, 'packets_recv': 26338, 'errin': 0, 'errout': 0, 'dropin': 0, 'dropout': 0}","(0.51, 0.53, 0.44)"
2026-02-11T18:34:05.891424,56.8,83.2,13.064395904541016,15.698810577392578,66.4,330,"{'bytes_sent': 3860538, 'bytes_recv': 25844129, 'packets_sent': 25310, 'packets_recv': 26368, 'errin': 0, 'errout': 0, 'dropin': 0, 'dropout': 0}","(0.51, 0.53, 0.44)"
2026-02-11T18:34:07.037333,81.1,83.0,13.029525756835938,15.698810577392578,66.4,330,"{'bytes_sent': 3861654, 'bytes_recv': 25877786, 'packets_sent': 25326, 'packets_recv': 26403, 'errin': 0, 'errout': 0, 'dropin': 0, 'dropout': 0}","(0.51, 0.53, 0.44)"
2026-02-11T18:34:08.197838,72.0,82.9,13.016891479492188,15.698810577392578,66.4,330,"{'bytes_sent': 3863976, 'bytes_recv': 25923212, 'packets_sent': 25359, 'packets_recv': 26453, 'errin': 0, 'errout': 0, 'dropin': 0, 'dropout': 0}","(0.51, 0.53, 0.44)"
2026-02-11T18:34:09.323128,81.6,83.5,13.11297607421875,15.698810577392578,66.4,332,"{'bytes_sent': 3866961, 'bytes_recv': 25950587, 'packets_sent': 25382, 'packets_recv': 26485, 'errin': 0, 'errout': 0, 'dropin': 0, 'dropout': 0}","(0.47, 0.52, 0.44)"
2026-02-11T18:34:10.468040,82.8,83.2,13.067543029785156,15.698810577392578,66.4,330,"{'bytes_sent': 3868029, 'bytes_recv': 25967996, 'packets_sent': 25396, 'packets_recv': 26502, 'errin': 0, 'errout': 0, 'dropin': 0, 'dropout': 0}","(0.47, 0.52, 0.44)"
2026-02-11T18:34:11.598654,95.9,82.9,13.0184326171875,15.698810577392578,66.4,332,"{'bytes_sent': 3869213, 'bytes_recv': 25988882, 'packets_sent': 25412, 'packets_recv': 26524, 'errin': 0, 'errout': 0, 'dropin': 0, 'dropout': 0}","(0.47, 0.52, 0.44)"
2026-02-11T18:34:12.741600,90.0,82.8,13.000434875488281,15.698810577392578,66.4,330,"{'bytes_sent': 3870965, 'bytes_recv': 26020405, 'packets_sent': 25436, 'packets_recv': 26556, 'errin': 0, 'errout': 0, 'dropin': 0, 'dropout': 0}","(0.47, 0.52, 0.44)"
2026-02-11T18:34:13.873044,88.5,83.1,13.052227020263672,15.698810577392578,66.4,330,"{'bytes_sent': 3872927, 'bytes_recv': 26056763, 'packets_sent': 25464, 'packets_recv': 26592, 'errin': 0, 'errout': 0, 'dropin': 0, 'dropout': 0}","(0.43, 0.52, 0.44)"
2026-02-11T18:34:15.021027,86.4,82.7,12.982074737548828,15.698810577392578,66.4,330,"{'bytes_sent': 3873755, 'bytes_recv': 26071115, 'packets_sent': 25476, 'packets_recv': 26603, 'errin': 0, 'errout': 0, 'dropin': 0, 'dropout': 0}","(0.43, 0.52, 0.44)"
2026-02-11T18:34:16.160347,75.3,82.8,13.00515365600586,15.698810577392578,66.4,330,"{'bytes_sent': 3874880, 'bytes_recv': 26087235, 'packets_sent': 25492, 'packets_recv': 26618, 'errin': 0, 'errout': 0, 'dropin': 0, 'dropout': 0}","(0.43, 0.52, 0.44)"
2026-02-11T18:34:17.306249,63.6,83.3,13.071208953857422,15.698810577392578,66.4,330,"{'bytes_sent': 3878070, 'bytes_recv': 26104952, 'packets_sent': 25503, 'packets_recv': 26632, 'errin': 0, 'errout': 0, 'dropin': 0, 'dropout': 0}","(0.43, 0.52, 0.44)"
2026-02-11T18:34:18.448883,80.2,82.6,12.97031021118164,15.698810577392578,66.4,330,"{'bytes_sent': 3887097, 'bytes_recv': 26129865, 'packets_sent': 25529, 'packets_recv': 26666, 'errin': 0, 'errout': 0, 'dropin': 0, 'dropout': 0}","(0.43, 0.52, 0.44)"
2026-02-11T18:34:19.579146,74.7,82.8,13.000896453857422,15.698810577392578,66.4,330,"{'bytes_sent': 3888483, 'bytes_recv': 26160032, 'packets_sent': 25550, 'packets_recv': 26693, 'errin': 0, 'errout': 0, 'dropin': 0, 'dropout': 0}","(0.48, 0.52, 0.44)"
2026-02-11T18:34:20.741581,80.9,83.3,13.07061767578125,15.698810577392578,66.4,330,"{'bytes_sent': 3889911, 'bytes_recv': 26187148, 'packets_sent': 25570, 'packets_recv': 26713, 'errin': 0, 'errout': 0, 'dropin': 0, 'dropout': 0}","(0.48, 0.52, 0.44)"
2026-02-11T18:34:21.887129,89.6,83.9,13.16659164428711,15.698810577392578,66.4,330,"{'bytes_sent': 3891001, 'bytes_recv': 26213006, 'packets_sent': 25587, 'packets_recv': 26733, 'errin': 0, 'errout': 0, 'dropin': 0, 'dropout': 0}","(0.48, 0.52, 0.44)"
2026-02-11T18:34:23.019592,73.0,82.6,12.965282440185547,15.698810577392578,66.4,330,"{'bytes_sent': 3894323, 'bytes_recv': 26288680, 'packets_sent': 25636, 'packets_recv': 26798, 'errin': 0, 'errout': 0, 'dropin': 0, 'dropout': 0}","(0.48, 0.52, 0.44)"
2026-02-11T18:34:24.172549,64.3,82.5,12.957473754882812,15.698810577392578,66.4,330,"{'bytes_sent': 3897303, 'bytes_recv': 26356163, 'packets_sent': 25678, 'packets_recv': 26859, 'errin': 0, 'errout': 0, 'dropin': 0, 'dropout': 0}","(0.6, 0.55, 0.45)"
2026-02-11T18:34:25.317291,81.0,82.8,13.00518798828125,15.698810577392578,66.4,330,"{'bytes_sent': 3898887, 'bytes_recv': 26390278, 'packets_sent': 25700, 'packets_recv': 26891, 'errin': 0, 'errout': 0, 'dropin': 0, 'dropout': 0}","(0.6, 0.55, 0.45)"
2026-02-11T18:34:26.447826,88.3,82.7,12.978595733642578,15.698810577392578,66.4,330,"{'bytes_sent': 3901560, 'bytes_recv': 26415051, 'packets_sent': 25718, 'packets_recv': 26913, 'errin': 0, 'errout': 0, 'dropin': 0, 'dropout': 0}","(0.6, 0.55, 0.45)"
2026-02-11T18:34:27.594224,92.9,82.6,12.968883514404297,15.698810577392578,66.4,330,"{'bytes_sent': 3902112, 'bytes_recv': 26428237, 'packets_sent': 25726, 'packets_recv': 26923, 'errin': 0, 'errout': 0, 'dropin': 0, 'dropout': 0}","(0.6, 0.55, 0.45)"
2026-02-11T18:34:28.740747,54.3,82.9,13.019630432128906,15.698810577392578,66.4,330,"{'bytes_sent': 3903822, 'bytes_recv': 26461663, 'packets_sent': 25751, 'packets_recv': 26953, 'errin': 0, 'errout': 0, 'dropin': 0, 'dropout': 0}","(0.55, 0.54, 0.45)"
2026-02-11T18:34:29.883243,78.1,82.8,12.993431091308594,15.698810577392578,66.4,330,"{'bytes_sent': 3905660, 'bytes_recv': 26491117, 'packets_sent': 25776, 'packets_recv': 26979, 'errin': 0, 'errout': 0, 'dropin': 0, 'dropout': 0}","(0.55, 0.54, 0.45)"
2026-02-11T18:34:31.025185,69.0,82.4,12.942928314208984,15.698810577392578,66.4,330,"{'bytes_sent': 3907552, 'bytes_recv': 26541353, 'packets_sent': 25804, 'packets_recv': 27019, 'errin': 0, 'errout': 0, 'dropin': 0, 'dropout': 0}","(0.55, 0.54, 0.45)"
2026-02-11T18:34:32.170912,65.9,83.0,13.03066635131836,15.698810577392578,66.4,330,"{'bytes_sent': 3908639, 'bytes_recv': 26569435, 'packets_sent': 25819, 'packets_recv': 27044, 'errin': 0, 'errout': 0, 'dropin': 0, 'dropout': 0}","(0.55, 0.54, 0.45)"
2026-02-11T18:34:33.316540,65.3,83.4,13.094707489013672,15.698810577392578,66.4,330,"{'bytes_sent': 3910387, 'bytes_recv': 26590895, 'packets_sent': 25843, 'packets_recv': 27064, 'errin': 0, 'errout': 0, 'dropin': 0, 'dropout': 0}","(0.55, 0.54, 0.45)"
2026-02-11T18:34:34.462332,85.2,83.5,13.100109100341797,15.698810577392578,66.4,330,"{'bytes_sent': 3911338, 'bytes_recv': 26605537, 'packets_sent': 25856, 'packets_recv': 27076, 'errin': 0, 'errout': 0, 'dropin': 0, 'dropout': 0}","(0.51, 0.53, 0.44)"
2026-02-11T18:34:35.604581,76.5,82.4,12.93484878540039,15.698810577392578,66.4,330,"{'bytes_sent': 3912323, 'bytes_recv': 26627069, 'packets_sent': 25870, 'packets_recv': 27099, 'errin': 0, 'errout': 0, 'dropin': 0, 'dropout': 0}","(0.51, 0.53, 0.44)"
2026-02-11T18:34:36.766747,80.2,82.9,13.010189056396484,15.698810577392578,66.4,330,"{'bytes_sent': 3914111, 'bytes_recv': 26672977, 'packets_sent': 25896, 'packets_recv': 27141, 'errin': 0, 'errout': 0, 'dropin': 0, 'dropout': 0}","(0.51, 0.53, 0.44)"
2026-02-11T18:34:37.894246,90.4,83.1,13.03792953491211,15.698810577392578,66.4,330,"{'bytes_sent': 3915789, 'bytes_recv': 26714082, 'packets_sent': 25921, 'packets_recv': 27180, 'errin': 0, 'errout': 0, 'dropin': 0, 'dropout': 0}","(0.51, 0.53, 0.44)"
2026-02-11T18:34:39.038891,74.0,82.4,12.942977905273438,15.698810577392578,66.4,330,"{'bytes_sent': 3917697, 'bytes_recv': 26748438, 'packets_sent': 25949, 'packets_recv': 27210, 'errin': 0, 'errout': 0, 'dropin': 0, 'dropout': 0}","(0.47, 0.52, 0.44)"
2026-02-11T18:34:40.187124,48.2,82.8,13.005722045898438,15.698810577392578,66.4,332,"{'bytes_sent': 3919065, 'bytes_recv': 26793523, 'packets_sent': 25969, 'packets_recv': 27248, 'errin': 0, 'errout': 0, 'dropin': 0, 'dropout': 0}","(0.47, 0.52, 0.44)"
2026-02-11T18:34:41.346961,54.5,83.3,13.071540832519531,15.698810577392578,66.4,330,"{'bytes_sent': 3919475, 'bytes_recv': 26796171, 'packets_sent': 25974, 'packets_recv': 27250, 'errin': 0, 'errout': 0, 'dropin': 0, 'dropout': 0}","(0.47, 0.52, 0.44)"
2026-02-11T18:34:42.491260,91.5,82.6,12.974746704101562,15.698810577392578,66.4,332,"{'bytes_sent': 3920695, 'bytes_recv': 26817522, 'packets_sent': 25992, 'packets_recv': 27271, 'errin': 0, 'errout': 0, 'dropin': 0, 'dropout': 0}","(0.47, 0.52, 0.44)"
2026-02-11T18:34:43.652303,68.7,82.9,13.02194595336914,15.698810577392578,66.4,330,"{'bytes_sent': 3921789, 'bytes_recv': 26838197, 'packets_sent': 26007, 'packets_recv': 27291, 'errin': 0, 'errout': 0, 'dropin': 0, 'dropout': 0}","(0.43, 0.51, 0.44)"
2026-02-11T18:34:44.808274,81.6,83.5,13.109657287597656,15.698810577392578,66.4,332,"{'bytes_sent': 3923373, 'bytes_recv': 26872443, 'packets_sent': 26029, 'packets_recv': 27320, 'errin': 0, 'errout': 0, 'dropin': 0, 'dropout': 0}","(0.43, 0.51, 0.44)"
2026-02-11T18:34:45.955011,83.5,83.6,13.132125854492188,15.698810577392578,66.4,330,"{'bytes_sent': 3924753, 'bytes_recv': 26906007, 'packets_sent': 26048, 'packets_recv': 27348, 'errin': 0, 'errout': 0, 'dropin': 0, 'dropout': 0}","(0.43, 0.51, 0.44)"
2026-02-11T18:34:47.099050,84.7,82.6,12.975025177001953,15.698810577392578,66.4,330,"{'bytes_sent': 3925561, 'bytes_recv': 26923977, 'packets_sent': 26059, 'packets_recv': 27361, 'errin': 0, 'errout': 0, 'dropin': 0, 'dropout': 0}","(0.43, 0.51, 0.44)"
2026-02-11T18:34:48.261406,60.9,82.6,12.973068237304688,15.698810577392578,66.4,329,"{'bytes_sent': 3928861, 'bytes_recv': 26968017, 'packets_sent': 26089, 'packets_recv': 27407, 'errin': 0, 'errout': 0, 'dropin': 0, 'dropout': 0}","(0.43, 0.51, 0.44)"
2026-02-11T18:34:49.391778,73.3,82.8,12.996177673339844,15.698810577392578,66.4,329,"{'bytes_sent': 3930273, 'bytes_recv': 27005132, 'packets_sent': 26109, 'packets_recv': 27437, 'errin': 0, 'errout': 0, 'dropin': 0, 'dropout': 0}","(0.39, 0.5, 0.44)"
2026-02-11T18:34:50.535605,61.2,82.6,12.959503173828125,15.698810577392578,66.4,329,"{'bytes_sent': 3931602, 'bytes_recv': 27027668, 'packets_sent': 26127, 'packets_recv': 27457, 'errin': 0, 'errout': 0, 'dropin': 0, 'dropout': 0}","(0.39, 0.5, 0.44)"
2026-02-11T18:34:51.693802,74.0,82.8,13.004852294921875,15.698810577392578,66.4,329,"{'bytes_sent': 3934304, 'bytes_recv': 27082666, 'packets_sent': 26164, 'packets_recv': 27510, 'errin': 0, 'errout': 0, 'dropin': 0, 'dropout': 0}","(0.39, 0.5, 0.44)"
2026-02-11T18:34:52.838227,62.9,83.4,13.088401794433594,15.698810577392578,66.4,329,"{'bytes_sent': 3936746, 'bytes_recv': 27130669, 'packets_sent': 26197, 'packets_recv': 27550, 'errin': 0, 'errout': 0, 'dropin': 0, 'dropout': 0}","(0.39, 0.5, 0.44)"
2026-02-11T18:34:53.982882,66.3,83.5,13.102909088134766,15.698810577392578,66.4,329,"{'bytes_sent': 3938292, 'bytes_recv': 27155971, 'packets_sent': 26220, 'packets_recv': 27571, 'errin': 0, 'errout': 0, 'dropin': 0, 'dropout': 0}","(0.36, 0.5, 0.43)"
2026-02-11T18:34:55.130014,78.2,82.8,12.996826171875,15.698810577392578,66.4,329,"{'bytes_sent': 3939564, 'bytes_recv': 27187838, 'packets_sent': 26238, 'packets_recv': 27598, 'errin': 0, 'errout': 0, 'dropin': 0, 'dropout': 0}","(0.36, 0.5, 0.43)"
2026-02-11T18:34:56.275404,67.1,82.9,13.021343231201172,15.698810577392578,66.4,329,"{'bytes_sent': 3940500, 'bytes_recv': 27206742, 'packets_sent': 26252, 'packets_recv': 27612, 'errin': 0, 'errout': 0, 'dropin': 0, 'dropout': 0}","(0.36, 0.5, 0.43)"
2026-02-11T18:34:57.419591,75.9,83.2,13.06137466430664,15.698810577392578,66.4,329,"{'bytes_sent': 3942532, 'bytes_recv': 27243779, 'packets_sent': 26282, 'packets_recv': 27643, 'errin': 0, 'errout': 0, 'dropin': 0, 'dropout': 0}","(0.36, 0.5, 0.43)"
2026-02-11T18:34:58.551176,92.1,82.5,12.945690155029297,15.698810577392578,66.4,329,"{'bytes_sent': 3944120, 'bytes_recv': 27275383, 'packets_sent': 26304, 'packets_recv': 27673, 'errin': 0, 'errout': 0, 'dropin': 0, 'dropout': 0}","(0.65, 0.55, 0.45)"
2026-02-11T18:34:59.706804,59.5,82.5,12.950874328613281,15.698810577392578,66.4,329,"{'bytes_sent': 3945966, 'bytes_recv': 27298379, 'packets_sent': 26329, 'packets_recv': 27698, 'errin': 0, 'errout': 0, 'dropin': 0, 'dropout': 0}","(0.65, 0.55, 0.45)"
2026-02-11T18:35:00.852342,71.4,82.8,13.006038665771484,15.698810577392578,66.4,329,"{'bytes_sent': 3947442, 'bytes_recv': 27334358, 'packets_sent': 26351, 'packets_recv': 27729, 'errin': 0, 'errout': 0, 'dropin': 0, 'dropout': 0}","(0.65, 0.55, 0.45)"
2026-02-11T18:35:01.999829,61.6,82.8,13.000991821289062,15.698810577392578,66.4,329,"{'bytes_sent': 3949444, 'bytes_recv': 27367202, 'packets_sent': 26380, 'packets_recv': 27758, 'errin': 0, 'errout': 0, 'dropin': 0, 'dropout': 0}","(0.65, 0.55, 0.45)"
2026-02-11T18:35:03.142573,54.0,82.5,12.953975677490234,15.698810577392578,66.4,329,"{'bytes_sent': 3951508, 'bytes_recv': 27418773, 'packets_sent': 26410, 'packets_recv': 27798, 'errin': 0, 'errout': 0, 'dropin': 0, 'dropout': 0}","(0.65, 0.55, 0.45)"
2026-02-11T18:35:04.285878,56.5,83.1,13.046390533447266,15.698810577392578,66.4,329,"{'bytes_sent': 3953750, 'bytes_recv': 27473706, 'packets_sent': 26441, 'packets_recv': 27845, 'errin': 0, 'errout': 0, 'dropin': 0, 'dropout': 0}","(0.68, 0.56, 0.46)"
2026-02-11T18:35:05.417054,89.6,83.5,13.116127014160156,15.698810577392578,66.4,329,"{'bytes_sent': 3955639, 'bytes_recv': 27499414, 'packets_sent': 26461, 'packets_recv': 27871, 'errin': 0, 'errout': 0, 'dropin': 0, 'dropout': 0}","(0.68, 0.56, 0.46)"
2026-02-11T18:35:06.560128,87.5,83.3,13.07326889038086,15.698810577392578,66.4,329,"{'bytes_sent': 3957007, 'bytes_recv': 27532898, 'packets_sent': 26481, 'packets_recv': 27898, 'errin': 0, 'errout': 0, 'dropin': 0, 'dropout': 0}","(0.68, 0.56, 0.46)"
2026-02-11T18:35:07.704634,85.4,82.7,12.985904693603516,15.698810577392578,66.4,329,"{'bytes_sent': 3958301, 'bytes_recv': 27560594, 'packets_sent': 26498, 'packets_recv': 27923, 'errin': 0, 'errout': 0, 'dropin': 0, 'dropout': 0}","(0.68, 0.56, 0.46)"
2026-02-11T18:35:08.865445,67.9,83.1,13.052623748779297,15.698810577392578,66.4,331,"{'bytes_sent': 3964975, 'bytes_recv': 27676665, 'packets_sent': 26552, 'packets_recv': 28016, 'errin': 0, 'errout': 0, 'dropin': 0, 'dropout': 0}","(0.71, 0.57, 0.46)"
2026-02-11T18:35:10.010664,70.1,83.4,13.09328842163086,15.698810577392578,66.4,329,"{'bytes_sent': 3967571, 'bytes_recv': 27728973, 'packets_sent': 26588, 'packets_recv': 28057, 'errin': 0, 'errout': 0, 'dropin': 0, 'dropout': 0}","(0.71, 0.57, 0.46)"
2026-02-11T18:35:11.142261,100.0,83.5,13.105911254882812,15.698810577392578,66.4,331,"{'bytes_sent': 3968079, 'bytes_recv': 27737735, 'packets_sent': 26596, 'packets_recv': 28064, 'errin': 0, 'errout': 0, 'dropin': 0, 'dropout': 0}","(0.71, 0.57, 0.46)"
2026-02-11T18:35:12.286271,83.7,82.7,12.982803344726562,15.698810577392578,66.4,329,"{'bytes_sent': 3969139, 'bytes_recv': 27759657, 'packets_sent': 26610, 'packets_recv': 28086, 'errin': 0, 'errout': 0, 'dropin': 0, 'dropout': 0}","(0.71, 0.57, 0.46)"
2026-02-11T18:35:13.443244,89.8,82.9,13.010494232177734,15.698810577392578,66.4,331,"{'bytes_sent': 3971442, 'bytes_recv': 27795078, 'packets_sent': 26636, 'packets_recv': 28115, 'errin': 0, 'errout': 0, 'dropin': 0, 'dropout': 0}","(0.71, 0.57, 0.46)"
2026-02-11T18:35:14.605230,84.7,83.3,13.078521728515625,15.698810577392578,66.4,329,"{'bytes_sent': 3973240, 'bytes_recv': 27836908, 'packets_sent': 26661, 'packets_recv': 28150, 'errin': 0, 'errout': 0, 'dropin': 0, 'dropout': 0}","(0.73, 0.58, 0.46)"
2026-02-11T18:35:15.749747,81.6,82.8,13.004173278808594,15.698810577392578,66.4,329,"{'bytes_sent': 3974754, 'bytes_recv': 27875685, 'packets_sent': 26682, 'packets_recv': 28182, 'errin': 0, 'errout': 0, 'dropin': 0, 'dropout': 0}","(0.73, 0.58, 0.46)"
2026-02-11T18:35:16.912830,75.3,83.0,13.034759521484375,15.698810577392578,66.4,329,"{'bytes_sent': 3976111, 'bytes_recv': 27915769, 'packets_sent': 26702, 'packets_recv': 28215, 'errin': 0, 'errout': 0, 'dropin': 0, 'dropout': 0}","(0.73, 0.58, 0.46)"
2026-02-11T18:35:18.056728,95.9,83.5,13.100997924804688,15.698810577392578,66.4,329,"{'bytes_sent': 3988661, 'bytes_recv': 27957812, 'packets_sent': 26743, 'packets_recv': 28262, 'errin': 0, 'errout': 0, 'dropin': 0, 'dropout': 0}","(0.73, 0.58, 0.46)"
2026-02-11T18:35:19.186792,90.5,83.4,13.09017562866211,15.698810577392578,66.4,330,"{'bytes_sent': 3990886, 'bytes_recv': 27995896, 'packets_sent': 26775, 'packets_recv': 28301, 'errin': 0, 'errout': 0, 'dropin': 0, 'dropout': 0}","(0.67, 0.57, 0.46)"
2026-02-11T18:35:20.328302,71.3,82.9,13.012214660644531,15.698810577392578,66.4,330,"{'bytes_sent': 3993014, 'bytes_recv': 28023280, 'packets_sent': 26803, 'packets_recv': 28334, 'errin': 0, 'errout': 0, 'dropin': 0, 'dropout': 0}","(0.67, 0.57, 0.46)"
2026-02-11T18:35:21.471842,76.2,83.0,13.036811828613281,15.698810577392578,66.4,329,"{'bytes_sent': 3995838, 'bytes_recv': 28075259, 'packets_sent': 26843, 'packets_recv': 28384, 'errin': 0, 'errout': 0, 'dropin': 0, 'dropout': 0}","(0.67, 0.57, 0.46)"
2026-02-11T18:35:22.618639,65.1,82.4,12.942115783691406,15.698810577392578,66.4,329,"{'bytes_sent': 3998416, 'bytes_recv': 28115514, 'packets_sent': 26878, 'packets_recv': 28424, 'errin': 0, 'errout': 0, 'dropin': 0, 'dropout': 0}","(0.67, 0.57, 0.46)"
2026-02-11T18:35:23.763893,92.0,82.9,13.012367248535156,15.698810577392578,66.4,329,"{'bytes_sent': 4000516, 'bytes_recv': 28145655, 'packets_sent': 26906, 'packets_recv': 28455, 'errin': 0, 'errout': 0, 'dropin': 0, 'dropout': 0}","(0.62, 0.56, 0.46)"
2026-02-11T18:35:24.909171,64.5,82.4,12.937488555908203,15.698810577392578,66.4,329,"{'bytes_sent': 4002912, 'bytes_recv': 28202349, 'packets_sent': 26940, 'packets_recv': 28512, 'errin': 0, 'errout': 0, 'dropin': 0, 'dropout': 0}","(0.62, 0.56, 0.46)"
2026-02-11T18:35:26.054640,87.1,82.8,13.005722045898438,15.698810577392578,66.4,329,"{'bytes_sent': 4005776, 'bytes_recv': 28256435, 'packets_sent': 26980, 'packets_recv': 28563, 'errin': 0, 'errout': 0, 'dropin': 0, 'dropout': 0}","(0.62, 0.56, 0.46)"
2026-02-11T18:35:27.211384,78.5,83.3,13.078720092773438,15.698810577392578,66.4,329,"{'bytes_sent': 4008466, 'bytes_recv': 28296988, 'packets_sent': 27017, 'packets_recv': 28601, 'errin': 0, 'errout': 0, 'dropin': 0, 'dropout': 0}","(0.62, 0.56, 0.46)"
2026-02-11T18:35:28.358083,57.1,82.9,13.021656036376953,15.698810577392578,66.4,330,"{'bytes_sent': 4021574, 'bytes_recv': 28332363, 'packets_sent': 27065, 'packets_recv': 28652, 'errin': 0, 'errout': 0, 'dropin': 0, 'dropout': 0}","(0.62, 0.56, 0.46)"
2026-02-11T18:35:29.518246,76.0,83.3,13.07501220703125,15.698810577392578,66.4,330,"{'bytes_sent': 4034176, 'bytes_recv': 28370651, 'packets_sent': 27111, 'packets_recv': 28712, 'errin': 0, 'errout': 0, 'dropin': 0, 'dropout': 0}","(0.89, 0.61, 0.48)"
2026-02-11T18:35:30.661446,87.6,83.8,13.150890350341797,15.698810577392578,66.4,330,"{'bytes_sent': 4036537, 'bytes_recv': 28406444, 'packets_sent': 27137, 'packets_recv': 28748, 'errin': 0, 'errout': 0, 'dropin': 0, 'dropout': 0}","(0.89, 0.61, 0.48)"
2026-02-11T18:35:31.790719,57.0,84.2,13.21511459350586,15.698810577392578,66.4,330,"{'bytes_sent': 4039353, 'bytes_recv': 28468956, 'packets_sent': 27177, 'packets_recv': 28798, 'errin': 0, 'errout': 0, 'dropin': 0, 'dropout': 0}","(0.89, 0.61, 0.48)"
2026-02-11T18:35:32.936100,81.2,82.6,12.974430084228516,15.698810577392578,66.4,332,"{'bytes_sent': 4042225, 'bytes_recv': 28542397, 'packets_sent': 27218, 'packets_recv': 28865, 'errin': 0, 'errout': 0, 'dropin': 0, 'dropout': 0}","(0.89, 0.61, 0.48)"
2026-02-11T18:35:34.095208,77.3,82.6,12.973037719726562,15.698810577392578,66.4,330,"{'bytes_sent': 4044919, 'bytes_recv': 28608373, 'packets_sent': 27257, 'packets_recv': 28925, 'errin': 0, 'errout': 0, 'dropin': 0, 'dropout': 0}","(0.98, 0.64, 0.49)"
2026-02-11T18:35:35.240725,76.7,83.2,13.064655303955078,15.698810577392578,66.4,332,"{'bytes_sent': 4045932, 'bytes_recv': 28631284, 'packets_sent': 27271, 'packets_recv': 28948, 'errin': 0, 'errout': 0, 'dropin': 0, 'dropout': 0}","(0.98, 0.64, 0.49)"
2026-02-11T18:35:36.370548,85.1,82.8,12.996356964111328,15.698810577392578,66.4,330,"{'bytes_sent': 4048212, 'bytes_recv': 28686635, 'packets_sent': 27305, 'packets_recv': 29000, 'errin': 0, 'errout': 0, 'dropin': 0, 'dropout': 0}","(0.98, 0.64, 0.49)"
2026-02-11T18:35:37.516176,77.6,82.8,12.992591857910156,15.698810577392578,66.4,332,"{'bytes_sent': 4050486, 'bytes_recv': 28734484, 'packets_sent': 27338, 'packets_recv': 29044, 'errin': 0, 'errout': 0, 'dropin': 0, 'dropout': 0}","(0.98, 0.64, 0.49)"
2026-02-11T18:35:38.646941,75.3,83.1,13.051769256591797,15.698810577392578,66.4,330,"{'bytes_sent': 4052964, 'bytes_recv': 28787460, 'packets_sent': 27373, 'packets_recv': 29094, 'errin': 0, 'errout': 0, 'dropin': 0, 'dropout': 0}","(0.9, 0.63, 0.48)"
2026-02-11T18:35:39.791762,83.0,83.5,13.106685638427734,15.698810577392578,66.4,330,"{'bytes_sent': 4054978, 'bytes_recv': 28824949, 'packets_sent': 27402, 'packets_recv': 29129, 'errin': 0, 'errout': 0, 'dropin': 0, 'dropout': 0}","(0.9, 0.63, 0.48)"
2026-02-11T18:35:40.936043,74.4,83.3,13.072776794433594,15.698810577392578,66.4,330,"{'bytes_sent': 4056318, 'bytes_recv': 28846230, 'packets_sent': 27422, 'packets_recv': 29147, 'errin': 0, 'errout': 0, 'dropin': 0, 'dropout': 0}","(0.9, 0.63, 0.48)"
2026-02-11T18:35:42.078204,64.0,83.2,13.056690216064453,15.698810577392578,66.4,330,"{'bytes_sent': 4058014, 'bytes_recv': 28879688, 'packets_sent': 27446, 'packets_recv': 29177, 'errin': 0, 'errout': 0, 'dropin': 0, 'dropout': 0}","(0.9, 0.63, 0.48)"
2026-02-11T18:35:43.222613,79.5,83.0,13.03521728515625,15.698810577392578,66.4,330,"{'bytes_sent': 4060108, 'bytes_recv': 28925978, 'packets_sent': 27477, 'packets_recv': 29220, 'errin': 0, 'errout': 0, 'dropin': 0, 'dropout': 0}","(0.9, 0.63, 0.48)"
2026-02-11T18:35:44.368932,80.2,83.5,13.103096008300781,15.698810577392578,66.4,330,"{'bytes_sent': 4062492, 'bytes_recv': 28973277, 'packets_sent': 27511, 'packets_recv': 29264, 'errin': 0, 'errout': 0, 'dropin': 0, 'dropout': 0}","(0.83, 0.62, 0.48)"
2026-02-11T18:35:45.513747,89.8,82.9,13.016460418701172,15.698810577392578,66.4,330,"{'bytes_sent': 4064740, 'bytes_recv': 29023224, 'packets_sent': 27543, 'packets_recv': 29308, 'errin': 0, 'errout': 0, 'dropin': 0, 'dropout': 0}","(0.83, 0.62, 0.48)"
2026-02-11T18:35:46.659669,57.5,83.1,13.04721450805664,15.698810577392578,66.4,330,"{'bytes_sent': 4066044, 'bytes_recv': 29057618, 'packets_sent': 27561, 'packets_recv': 29338, 'errin': 0, 'errout': 0, 'dropin': 0, 'dropout': 0}","(0.83, 0.62, 0.48)"
2026-02-11T18:35:47.802198,69.0,83.5,13.104637145996094,15.698810577392578,66.4,330,"{'bytes_sent': 4076963, 'bytes_recv': 29093544, 'packets_sent': 27596, 'packets_recv': 29378, 'errin': 0, 'errout': 0, 'dropin': 0, 'dropout': 0}","(0.83, 0.62, 0.48)"
2026-02-11T18:35:48.946099,79.4,82.9,13.01092529296875,15.698810577392578,66.4,330,"{'bytes_sent': 4078885, 'bytes_recv': 29130124, 'packets_sent': 27623, 'packets_recv': 29414, 'errin': 0, 'errout': 0, 'dropin': 0, 'dropout': 0}","(0.92, 0.64, 0.49)"
2026-02-11T18:35:50.106469,62.2,83.2,13.056404113769531,15.698810577392578,66.4,330,"{'bytes_sent': 4079823, 'bytes_recv': 29145766, 'packets_sent': 27636, 'packets_recv': 29426, 'errin': 0, 'errout': 0, 'dropin': 0, 'dropout': 0}","(0.92, 0.64, 0.49)"
2026-02-11T18:35:51.251888,65.8,83.7,13.134422302246094,15.698810577392578,66.4,330,"{'bytes_sent': 4081045, 'bytes_recv': 29170171, 'packets_sent': 27653, 'packets_recv': 29449, 'errin': 0, 'errout': 0, 'dropin': 0, 'dropout': 0}","(0.92, 0.64, 0.49)"
2026-02-11T18:35:52.382547,78.4,83.4,13.085002899169922,15.698810577392578,66.4,330,"{'bytes_sent': 4083151, 'bytes_recv': 29224230, 'packets_sent': 27682, 'packets_recv': 29493, 'errin': 0, 'errout': 0, 'dropin': 0, 'dropout': 0}","(0.92, 0.64, 0.49)"
2026-02-11T18:35:53.512634,80.7,82.6,12.96432876586914,15.698810577392578,66.4,330,"{'bytes_sent': 4084363, 'bytes_recv': 29251982, 'packets_sent': 27700, 'packets_recv': 29517, 'errin': 0, 'errout': 0, 'dropin': 0, 'dropout': 0}","(0.92, 0.64, 0.49)"
2026-02-11T18:35:54.657000,85.1,83.0,13.035171508789062,15.698810577392578,66.4,330,"{'bytes_sent': 4086472, 'bytes_recv': 29278102, 'packets_sent': 27728, 'packets_recv': 29544, 'errin': 0, 'errout': 0, 'dropin': 0, 'dropout': 0}","(1.09, 0.68, 0.5)"
2026-02-11T18:35:55.796918,75.0,82.8,13.002792358398438,15.698810577392578,66.4,330,"{'bytes_sent': 4088430, 'bytes_recv': 29322013, 'packets_sent': 27757, 'packets_recv': 29582, 'errin': 0, 'errout': 0, 'dropin': 0, 'dropout': 0}","(1.09, 0.68, 0.5)"
2026-02-11T18:35:56.944466,79.5,82.6,12.962146759033203,15.698810577392578,66.4,330,"{'bytes_sent': 4090264, 'bytes_recv': 29362918, 'packets_sent': 27782, 'packets_recv': 29616, 'errin': 0, 'errout': 0, 'dropin': 0, 'dropout': 0}","(1.09, 0.68, 0.5)"
2026-02-11T18:35:58.103153,61.6,83.1,13.044437408447266,15.698810577392578,66.4,330,"{'bytes_sent': 4091664, 'bytes_recv': 29392630, 'packets_sent': 27802, 'packets_recv': 29641, 'errin': 0, 'errout': 0, 'dropin': 0, 'dropout': 0}","(1.09, 0.68, 0.5)"
2026-02-11T18:35:59.248060,73.8,83.3,13.075958251953125,15.698810577392578,66.4,329,"{'bytes_sent': 4093056, 'bytes_recv': 29437412, 'packets_sent': 27822, 'packets_recv': 29678, 'errin': 0, 'errout': 0, 'dropin': 0, 'dropout': 0}","(1.0, 0.67, 0.5)"
2026-02-11T18:36:00.380513,76.5,83.0,13.028385162353516,15.698810577392578,66.4,329,"{'bytes_sent': 4094542, 'bytes_recv': 29470504, 'packets_sent': 27843, 'packets_recv': 29711, 'errin': 0, 'errout': 0, 'dropin': 0, 'dropout': 0}","(1.0, 0.67, 0.5)"
2026-02-11T18:36:01.523599,68.0,82.7,12.986919403076172,15.698810577392578,66.4,329,"{'bytes_sent': 4097163, 'bytes_recv': 29515013, 'packets_sent': 27879, 'packets_recv': 29751, 'errin': 0, 'errout': 0, 'dropin': 0, 'dropout': 0}","(1.0, 0.67, 0.5)"
2026-02-11T18:36:02.656040,67.0,83.2,13.060722351074219,15.698810577392578,66.4,329,"{'bytes_sent': 4099723, 'bytes_recv': 29556323, 'packets_sent': 27911, 'packets_recv': 29789, 'errin': 0, 'errout': 0, 'dropin': 0, 'dropout': 0}","(1.0, 0.67, 0.5)"
2026-02-11T18:36:03.795914,71.6,83.9,13.166889190673828,15.698810577392578,66.4,331,"{'bytes_sent': 4102357, 'bytes_recv': 29616835, 'packets_sent': 27948, 'packets_recv': 29840, 'errin': 0, 'errout': 0, 'dropin': 0, 'dropout': 0}","(1.4, 0.75, 0.53)"
2026-02-11T18:36:04.955994,88.9,82.0,12.877265930175781,15.698810577392578,66.4,329,"{'bytes_sent': 4104637, 'bytes_recv': 29668066, 'packets_sent': 27980, 'packets_recv': 29885, 'errin': 0, 'errout': 0, 'dropin': 0, 'dropout': 0}","(1.4, 0.75, 0.53)"
2026-02-11T18:36:06.087456,80.6,82.4,12.929309844970703,15.698810577392578,66.4,331,"{'bytes_sent': 4106171, 'bytes_recv': 29705671, 'packets_sent': 28001, 'packets_recv': 29918, 'errin': 0, 'errout': 0, 'dropin': 0, 'dropout': 0}","(1.4, 0.75, 0.53)"
2026-02-11T18:36:07.231136,71.4,82.8,12.99514389038086,15.698810577392578,66.4,329,"{'bytes_sent': 4108469, 'bytes_recv': 29754688, 'packets_sent': 28032, 'packets_recv': 29965, 'errin': 0, 'errout': 0, 'dropin': 0, 'dropout': 0}","(1.4, 0.75, 0.53)"
2026-02-11T18:36:08.376573,80.3,82.6,12.967304229736328,15.698810577392578,66.4,331,"{'bytes_sent': 4110005, 'bytes_recv': 29795471, 'packets_sent': 28054, 'packets_recv': 29999, 'errin': 0, 'errout': 0, 'dropin': 0, 'dropout': 0}","(1.4, 0.75, 0.53)"
2026-02-11T18:36:09.522092,63.1,82.4,12.93377685546875,15.698810577392578,66.4,329,"{'bytes_sent': 4111939, 'bytes_recv': 29840722, 'packets_sent': 28081, 'packets_recv': 30040, 'errin': 0, 'errout': 0, 'dropin': 0, 'dropout': 0}","(1.37, 0.76, 0.53)"
2026-02-11T18:36:10.679911,70.4,83.0,13.031951904296875,15.698810577392578,66.4,329,"{'bytes_sent': 4113243, 'bytes_recv': 29871554, 'packets_sent': 28099, 'packets_recv': 30064, 'errin': 0, 'errout': 0, 'dropin': 0, 'dropout': 0}","(1.37, 0.76, 0.53)"
2026-02-11T18:36:11.825361,82.8,82.6,12.97098159790039,15.698810577392578,66.4,329,"{'bytes_sent': 4114091, 'bytes_recv': 29884579, 'packets_sent': 28111, 'packets_recv': 30077, 'errin': 0, 'errout': 0, 'dropin': 0, 'dropout': 0}","(1.37, 0.76, 0.53)"
2026-02-11T18:36:12.955580,70.1,82.5,12.947574615478516,15.698810577392578,66.4,329,"{'bytes_sent': 4115723, 'bytes_recv': 29920301, 'packets_sent': 28135, 'packets_recv': 30108, 'errin': 0, 'errout': 0, 'dropin': 0, 'dropout': 0}","(1.37, 0.76, 0.53)"
2026-02-11T18:36:14.100102,77.6,82.8,12.99642562866211,15.698810577392578,66.4,329,"{'bytes_sent': 4117902, 'bytes_recv': 29947529, 'packets_sent': 28161, 'packets_recv': 30135, 'errin': 0, 'errout': 0, 'dropin': 0, 'dropout': 0}","(1.26, 0.75, 0.53)"
2026-02-11T18:36:15.245686,81.4,83.3,13.073005676269531,15.698810577392578,66.4,329,"{'bytes_sent': 4122312, 'bytes_recv': 30013794, 'packets_sent': 28206, 'packets_recv': 30192, 'errin': 0, 'errout': 0, 'dropin': 0, 'dropout': 0}","(1.26, 0.75, 0.53)"
2026-02-11T18:36:16.390989,71.9,83.2,13.058189392089844,15.698810577392578,66.4,329,"{'bytes_sent': 4128430, 'bytes_recv': 30130906, 'packets_sent': 28287, 'packets_recv': 30274, 'errin': 0, 'errout': 0, 'dropin': 0, 'dropout': 0}","(1.26, 0.75, 0.53)"
2026-02-11T18:36:17.520449,80.0,82.4,12.931293487548828,15.698810577392578,66.4,329,"{'bytes_sent': 4139141, 'bytes_recv': 30200241, 'packets_sent': 28335, 'packets_recv': 30328, 'errin': 0, 'errout': 0, 'dropin': 0, 'dropout': 0}","(1.26, 0.75, 0.53)"
2026-02-11T18:36:18.662692,86.8,82.8,13.000595092773438,15.698810577392578,66.4,329,"{'bytes_sent': 4142605, 'bytes_recv': 30231011, 'packets_sent': 28360, 'packets_recv': 30361, 'errin': 0, 'errout': 0, 'dropin': 0, 'dropout': 0}","(1.16, 0.73, 0.53)"
2026-02-11T18:36:19.807381,94.3,83.2,13.06314468383789,15.698810577392578,66.4,329,"{'bytes_sent': 4149728, 'bytes_recv': 30353751, 'packets_sent': 28445, 'packets_recv': 30446, 'errin': 0, 'errout': 0, 'dropin': 0, 'dropout': 0}","(1.16, 0.73, 0.53)"
2026-02-11T18:36:20.951867,65.9,82.6,12.966682434082031,15.698810577392578,66.4,329,"{'bytes_sent': 4152608, 'bytes_recv': 30399547, 'packets_sent': 28478, 'packets_recv': 30480, 'errin': 0, 'errout': 0, 'dropin': 0, 'dropout': 0}","(1.16, 0.73, 0.53)"
2026-02-11T18:36:22.114706,73.3,83.0,13.022403717041016,15.698810577392578,66.4,329,"{'bytes_sent': 4162997, 'bytes_recv': 30532682, 'packets_sent': 28572, 'packets_recv': 30584, 'errin': 0, 'errout': 0, 'dropin': 0, 'dropout': 0}","(1.16, 0.73, 0.53)"
2026-02-11T18:36:23.257861,78.9,83.4,13.086868286132812,15.698810577392578,66.4,330,"{'bytes_sent': 4164750, 'bytes_recv': 30685143, 'packets_sent': 28592, 'packets_recv': 30695, 'errin': 0, 'errout': 0, 'dropin': 0, 'dropout': 0}","(1.16, 0.73, 0.53)"
2026-02-11T18:36:24.388003,90.3,82.7,12.985633850097656,15.698810577392578,66.4,330,"{'bytes_sent': 4171765, 'bytes_recv': 30717018, 'packets_sent': 28689, 'packets_recv': 30722, 'errin': 0, 'errout': 0, 'dropin': 0, 'dropout': 0}","(1.07, 0.72, 0.52)"
2026-02-11T18:36:25.545675,76.1,83.1,13.038761138916016,15.698810577392578,66.4,330,"{'bytes_sent': 4177847, 'bytes_recv': 30794213, 'packets_sent': 28753, 'packets_recv': 30787, 'errin': 0, 'errout': 0, 'dropin': 0, 'dropout': 0}","(1.07, 0.72, 0.52)"
2026-02-11T18:36:26.691758,69.7,83.3,13.075870513916016,15.698810577392578,66.4,330,"{'bytes_sent': 4182651, 'bytes_recv': 30884594, 'packets_sent': 28817, 'packets_recv': 30862, 'errin': 0, 'errout': 0, 'dropin': 0, 'dropout': 0}","(1.07, 0.72, 0.52)"
2026-02-11T18:36:27.833261,89.2,83.4,13.0897216796875,15.698810577392578,66.4,330,"{'bytes_sent': 4186961, 'bytes_recv': 30968891, 'packets_sent': 28871, 'packets_recv': 30925, 'errin': 0, 'errout': 0, 'dropin': 0, 'dropout': 0}","(1.07, 0.72, 0.52)"
2026-02-11T18:36:28.966757,76.4,82.7,12.98434829711914,15.698810577392578,66.4,330,"{'bytes_sent': 4190727, 'bytes_recv': 31064208, 'packets_sent': 28926, 'packets_recv': 31000, 'errin': 0, 'errout': 0, 'dropin': 0, 'dropout': 0}","(0.98, 0.71, 0.52)"
2026-02-11T18:36:30.110587,78.2,82.8,13.000900268554688,15.698810577392578,66.4,332,"{'bytes_sent': 4193481, 'bytes_recv': 31110432, 'packets_sent': 28963, 'packets_recv': 31037, 'errin': 0, 'errout': 0, 'dropin': 0, 'dropout': 0}","(0.98, 0.71, 0.52)"
2026-02-11T18:36:31.256287,66.7,83.3,13.07088851928711,15.698810577392578,66.4,330,"{'bytes_sent': 4198553, 'bytes_recv': 31207375, 'packets_sent': 29023, 'packets_recv': 31111, 'errin': 0, 'errout': 0, 'dropin': 0, 'dropout': 0}","(0.98, 0.71, 0.52)"
2026-02-11T18:36:32.382533,93.1,82.6,12.971298217773438,15.698810577392578,66.4,332,"{'bytes_sent': 4204536, 'bytes_recv': 31306894, 'packets_sent': 29087, 'packets_recv': 31184, 'errin': 0, 'errout': 0, 'dropin': 0, 'dropout': 0}","(0.98, 0.71, 0.52)"
2026-02-11T18:36:33.527913,82.8,83.0,13.034309387207031,15.698810577392578,66.4,330,"{'bytes_sent': 4209880, 'bytes_recv': 31427484, 'packets_sent': 29154, 'packets_recv': 31267, 'errin': 0, 'errout': 0, 'dropin': 0, 'dropout': 0}","(0.98, 0.71, 0.52)"
2026-02-11T18:36:34.673783,89.7,83.5,13.10067367553711,15.698810577392578,66.4,330,"{'bytes_sent': 4213662, 'bytes_recv': 31520555, 'packets_sent': 29205, 'packets_recv': 31339, 'errin': 0, 'errout': 0, 'dropin': 0, 'dropout': 0}","(0.9, 0.7, 0.52)"
2026-02-11T18:36:35.818304,84.0,84.0,13.192798614501953,15.698810577392578,66.4,330,"{'bytes_sent': 4218000, 'bytes_recv': 31593264, 'packets_sent': 29259, 'packets_recv': 31395, 'errin': 0, 'errout': 0, 'dropin': 0, 'dropout': 0}","(0.9, 0.7, 0.52)"
2026-02-11T18:36:36.953954,66.3,82.4,12.93923568725586,15.698810577392578,66.4,330,"{'bytes_sent': 4223040, 'bytes_recv': 31706932, 'packets_sent': 29326, 'packets_recv': 31480, 'errin': 0, 'errout': 0, 'dropin': 0, 'dropout': 0}","(0.9, 0.7, 0.52)"
2026-02-11T18:36:38.093744,85.9,82.5,12.94681167602539,15.698810577392578,66.4,330,"{'bytes_sent': 4225018, 'bytes_recv': 31748715, 'packets_sent': 29353, 'packets_recv': 31512, 'errin': 0, 'errout': 0, 'dropin': 0, 'dropout': 0}","(0.9, 0.7, 0.52)"
2026-02-11T18:36:39.241748,75.9,82.8,13.002742767333984,15.698810577392578,66.4,330,"{'bytes_sent': 4226416, 'bytes_recv': 31768144, 'packets_sent': 29374, 'packets_recv': 31537, 'errin': 0, 'errout': 0, 'dropin': 0, 'dropout': 0}","(0.83, 0.69, 0.52)"
2026-02-11T18:36:40.395781,76.7,82.5,12.948554992675781,15.698810577392578,66.4,330,"{'bytes_sent': 4227586, 'bytes_recv': 31798927, 'packets_sent': 29391, 'packets_recv': 31563, 'errin': 0, 'errout': 0, 'dropin': 0, 'dropout': 0}","(0.83, 0.69, 0.52)"
2026-02-11T18:36:41.541799,76.8,82.4,12.942779541015625,15.698810577392578,66.4,330,"{'bytes_sent': 4228220, 'bytes_recv': 31804469, 'packets_sent': 29398, 'packets_recv': 31569, 'errin': 0, 'errout': 0, 'dropin': 0, 'dropout': 0}","(0.83, 0.69, 0.52)"
2026-02-11T18:36:42.685333,63.1,83.0,13.028499603271484,15.698810577392578,66.4,330,"{'bytes_sent': 4229826, 'bytes_recv': 31827343, 'packets_sent': 29417, 'packets_recv': 31591, 'errin': 0, 'errout': 0, 'dropin': 0, 'dropout': 0}","(0.83, 0.69, 0.52)"
2026-02-11T18:36:43.816585,87.2,83.4,13.097370147705078,15.698810577392578,66.4,330,"{'bytes_sent': 4233864, 'bytes_recv': 31901131, 'packets_sent': 29472, 'packets_recv': 31662, 'errin': 0, 'errout': 0, 'dropin': 0, 'dropout': 0}","(0.76, 0.68, 0.51)"
2026-02-11T18:36:44.974537,78.9,82.8,12.994876861572266,15.698810577392578,66.4,330,"{'bytes_sent': 4235872, 'bytes_recv': 31927398, 'packets_sent': 29498, 'packets_recv': 31687, 'errin': 0, 'errout': 0, 'dropin': 0, 'dropout': 0}","(0.76, 0.68, 0.51)"
2026-02-11T18:36:46.109018,93.3,82.5,12.957866668701172,15.698810577392578,66.4,330,"{'bytes_sent': 4239425, 'bytes_recv': 31955903, 'packets_sent': 29535, 'packets_recv': 31725, 'errin': 0, 'errout': 0, 'dropin': 0, 'dropout': 0}","(0.76, 0.68, 0.51)"
2026-02-11T18:36:47.265567,82.0,83.1,13.047069549560547,15.698810577392578,66.4,330,"{'bytes_sent': 4243581, 'bytes_recv': 31994087, 'packets_sent': 29567, 'packets_recv': 31765, 'errin': 0, 'errout': 0, 'dropin': 0, 'dropout': 0}","(0.76, 0.68, 0.51)"
2026-02-11T18:36:48.410278,78.4,83.6,13.127422332763672,15.698810577392578,66.4,330,"{'bytes_sent': 4245524, 'bytes_recv': 32022723, 'packets_sent': 29593, 'packets_recv': 31802, 'errin': 0, 'errout': 0, 'dropin': 0, 'dropout': 0}","(0.76, 0.68, 0.51)"
2026-02-11T18:36:49.554916,80.4,82.8,13.006233215332031,15.698810577392578,66.4,330,"{'bytes_sent': 4247304, 'bytes_recv': 32062478, 'packets_sent': 29619, 'packets_recv': 31838, 'errin': 0, 'errout': 0, 'dropin': 0, 'dropout': 0}","(0.7, 0.66, 0.51)"
2026-02-11T18:36:50.701910,80.2,82.9,13.007862091064453,15.698810577392578,66.4,330,"{'bytes_sent': 4249014, 'bytes_recv': 32096344, 'packets_sent': 29644, 'packets_recv': 31876, 'errin': 0, 'errout': 0, 'dropin': 0, 'dropout': 0}","(0.7, 0.66, 0.51)"
2026-02-11T18:36:51.844945,94.2,82.9,13.008228302001953,15.698810577392578,66.4,330,"{'bytes_sent': 4250748, 'bytes_recv': 32135184, 'packets_sent': 29669, 'packets_recv': 31912, 'errin': 0, 'errout': 0, 'dropin': 0, 'dropout': 0}","(0.7, 0.66, 0.51)"
2026-02-11T18:36:52.991007,75.9,83.2,13.06875991821289,15.698810577392578,66.4,330,"{'bytes_sent': 4252384, 'bytes_recv': 32160984, 'packets_sent': 29691, 'packets_recv': 31936, 'errin': 0, 'errout': 0, 'dropin': 0, 'dropout': 0}","(0.7, 0.66, 0.51)"
2026-02-11T18:36:54.148091,88.2,82.7,12.975532531738281,15.698810577392578,66.4,332,"{'bytes_sent': 4253904, 'bytes_recv': 32193003, 'packets_sent': 29713, 'packets_recv': 31966, 'errin': 0, 'errout': 0, 'dropin': 0, 'dropout': 0}","(1.05, 0.74, 0.54)"
2026-02-11T18:36:55.309316,83.5,83.0,13.027301788330078,15.698810577392578,66.4,330,"{'bytes_sent': 4256616, 'bytes_recv': 32243956, 'packets_sent': 29751, 'packets_recv': 32020, 'errin': 0, 'errout': 0, 'dropin': 0, 'dropout': 0}","(1.05, 0.74, 0.54)"
2026-02-11T18:36:56.454358,85.1,83.6,13.120922088623047,15.698810577392578,66.4,332,"{'bytes_sent': 4259366, 'bytes_recv': 32290696, 'packets_sent': 29789, 'packets_recv': 32078, 'errin': 0, 'errout': 0, 'dropin': 0, 'dropout': 0}","(1.05, 0.74, 0.54)"
2026-02-11T18:36:57.615311,82.8,83.2,13.065601348876953,15.698810577392578,66.4,330,"{'bytes_sent': 4264967, 'bytes_recv': 32363611, 'packets_sent': 29849, 'packets_recv': 32137, 'errin': 0, 'errout': 0, 'dropin': 0, 'dropout': 0}","(1.05, 0.74, 0.54)"
2026-02-11T18:36:58.759353,95.3,83.0,13.03103256225586,15.698810577392578,66.4,332,"{'bytes_sent': 4271095, 'bytes_recv': 32464185, 'packets_sent': 29922, 'packets_recv': 32218, 'errin': 0, 'errout': 0, 'dropin': 0, 'dropout': 0}","(1.04, 0.74, 0.54)"
2026-02-11T18:36:59.906272,76.4,82.8,12.999160766601562,15.698810577392578,66.4,330,"{'bytes_sent': 4276057, 'bytes_recv': 32574329, 'packets_sent': 29993, 'packets_recv': 32299, 'errin': 0, 'errout': 0, 'dropin': 0, 'dropout': 0}","(1.04, 0.74, 0.54)"
2026-02-11T18:37:01.048108,82.4,83.3,13.074806213378906,15.698810577392578,66.4,332,"{'bytes_sent': 4277383, 'bytes_recv': 32608501, 'packets_sent': 30014, 'packets_recv': 32328, 'errin': 0, 'errout': 0, 'dropin': 0, 'dropout': 0}","(1.04, 0.74, 0.54)"
2026-02-11T18:37:02.193350,92.4,82.5,12.9547119140625,15.698810577392578,66.4,330,"{'bytes_sent': 4282111, 'bytes_recv': 32710299, 'packets_sent': 30076, 'packets_recv': 32398, 'errin': 0, 'errout': 0, 'dropin': 0, 'dropout': 0}","(1.04, 0.74, 0.54)"
2026-02-11T18:37:03.338784,73.1,82.3,12.921623229980469,15.698810577392578,66.4,332,"{'bytes_sent': 4289414, 'bytes_recv': 32827122, 'packets_sent': 30158, 'packets_recv': 32487, 'errin': 0, 'errout': 0, 'dropin': 0, 'dropout': 0}","(1.04, 0.74, 0.54)"
2026-02-11T18:37:04.485005,67.9,82.7,12.989768981933594,15.698810577392578,66.4,330,"{'bytes_sent': 4295848, 'bytes_recv': 32957312, 'packets_sent': 30230, 'packets_recv': 32584, 'errin': 0, 'errout': 0, 'dropin': 0, 'dropout': 0}","(1.04, 0.74, 0.54)"
2026-02-11T18:37:05.630383,65.8,82.8,12.990890502929688,15.698810577392578,66.4,330,"{'bytes_sent': 4306597, 'bytes_recv': 33055556, 'packets_sent': 30354, 'packets_recv': 32693, 'errin': 0, 'errout': 0, 'dropin': 0, 'dropout': 0}","(1.04, 0.74, 0.54)"
2026-02-11T18:37:06.774854,70.6,82.8,13.005908966064453,15.698810577392578,66.4,330,"{'bytes_sent': 4308597, 'bytes_recv': 33106798, 'packets_sent': 30384, 'packets_recv': 32733, 'errin': 0, 'errout': 0, 'dropin': 0, 'dropout': 0}","(1.04, 0.74, 0.54)"
2026-02-11T18:37:07.916755,73.9,83.4,13.093788146972656,15.698810577392578,66.4,330,"{'bytes_sent': 4312821, 'bytes_recv': 33174022, 'packets_sent': 30436, 'packets_recv': 32789, 'errin': 0, 'errout': 0, 'dropin': 0, 'dropout': 0}","(1.04, 0.74, 0.54)"
2026-02-11T18:37:09.061270,68.6,83.7,13.137786865234375,15.698810577392578,66.4,330,"{'bytes_sent': 4317493, 'bytes_recv': 33214983, 'packets_sent': 30482, 'packets_recv': 32832, 'errin': 0, 'errout': 0, 'dropin': 0, 'dropout': 0}","(0.96, 0.73, 0.54)"
2026-02-11T18:37:10.206443,76.7,82.9,13.015369415283203,15.698810577392578,66.4,330,"{'bytes_sent': 4323829, 'bytes_recv': 33265687, 'packets_sent': 30524, 'packets_recv': 32877, 'errin': 0, 'errout': 0, 'dropin': 0, 'dropout': 0}","(0.96, 0.73, 0.54)"
2026-02-11T18:37:11.337279,52.9,82.9,13.022159576416016,15.698810577392578,66.4,330,"{'bytes_sent': 4324787, 'bytes_recv': 33286236, 'packets_sent': 30537, 'packets_recv': 32894, 'errin': 0, 'errout': 0, 'dropin': 0, 'dropout': 0}","(0.96, 0.73, 0.54)"
2026-02-11T18:37:12.482010,84.5,83.2,13.053539276123047,15.698810577392578,66.4,330,"{'bytes_sent': 4328177, 'bytes_recv': 33328506, 'packets_sent': 30575, 'packets_recv': 32930, 'errin': 0, 'errout': 0, 'dropin': 0, 'dropout': 0}","(0.96, 0.73, 0.54)"
2026-02-11T18:37:13.625907,65.9,83.0,13.031951904296875,15.698810577392578,66.4,330,"{'bytes_sent': 4333023, 'bytes_recv': 33403690, 'packets_sent': 30634, 'packets_recv': 32991, 'errin': 0, 'errout': 0, 'dropin': 0, 'dropout': 0}","(0.96, 0.73, 0.54)"
2026-02-11T18:37:14.758769,73.6,82.9,13.015235900878906,15.698810577392578,66.4,330,"{'bytes_sent': 4336615, 'bytes_recv': 33488112, 'packets_sent': 30684, 'packets_recv': 33065, 'errin': 0, 'errout': 0, 'dropin': 0, 'dropout': 0}","(1.36, 0.82, 0.57)"
2026-02-11T18:37:15.914665,62.5,83.1,13.047962188720703,15.698810577392578,66.4,330,"{'bytes_sent': 4339843, 'bytes_recv': 33521308, 'packets_sent': 30724, 'packets_recv': 33095, 'errin': 0, 'errout': 0, 'dropin': 0, 'dropout': 0}","(1.36, 0.82, 0.57)"
2026-02-11T18:37:17.059319,77.6,83.5,13.114631652832031,15.698810577392578,66.4,330,"{'bytes_sent': 4345455, 'bytes_recv': 33619464, 'packets_sent': 30790, 'packets_recv': 33175, 'errin': 0, 'errout': 0, 'dropin': 0, 'dropout': 0}","(1.36, 0.82, 0.57)"
2026-02-11T18:37:18.203457,69.3,82.6,12.966720581054688,15.698810577392578,66.4,330,"{'bytes_sent': 4357033, 'bytes_recv': 33689999, 'packets_sent': 30846, 'packets_recv': 33243, 'errin': 0, 'errout': 0, 'dropin': 0, 'dropout': 0}","(1.36, 0.82, 0.57)"
2026-02-11T18:37:19.365179,48.8,82.9,13.012664794921875,15.698810577392578,66.4,330,"{'bytes_sent': 4365161, 'bytes_recv': 33818965, 'packets_sent': 30938, 'packets_recv': 33339, 'errin': 0, 'errout': 0, 'dropin': 0, 'dropout': 0}","(1.33, 0.82, 0.57)"
2026-02-11T18:37:20.508797,75.3,83.1,13.041927337646484,15.698810577392578,66.4,330,"{'bytes_sent': 4370589, 'bytes_recv': 33909639, 'packets_sent': 31014, 'packets_recv': 33407, 'errin': 0, 'errout': 0, 'dropin': 0, 'dropout': 0}","(1.33, 0.82, 0.57)"
2026-02-11T18:37:21.643337,79.8,83.1,13.047584533691406,15.698810577392578,66.4,330,"{'bytes_sent': 4373269, 'bytes_recv': 33941278, 'packets_sent': 31038, 'packets_recv': 33429, 'errin': 0, 'errout': 0, 'dropin': 0, 'dropout': 0}","(1.33, 0.82, 0.57)"
2026-02-11T18:37:22.767068,92.0,82.5,12.948699951171875,15.698810577392578,66.4,332,"{'bytes_sent': 4379163, 'bytes_recv': 34038755, 'packets_sent': 31116, 'packets_recv': 33516, 'errin': 0, 'errout': 0, 'dropin': 0, 'dropout': 0}","(1.33, 0.82, 0.57)"
2026-02-11T18:37:23.928646,55.3,83.0,13.037673950195312,15.698810577392578,66.4,330,"{'bytes_sent': 4384723, 'bytes_recv': 34098858, 'packets_sent': 31182, 'packets_recv': 33569, 'errin': 0, 'errout': 0, 'dropin': 0, 'dropout': 0}","(1.22, 0.81, 0.57)"
2026-02-11T18:37:25.087132,96.4,83.5,13.113704681396484,15.698810577392578,66.4,332,"{'bytes_sent': 4390558, 'bytes_recv': 34238740, 'packets_sent': 31262, 'packets_recv': 33677, 'errin': 0, 'errout': 0, 'dropin': 0, 'dropout': 0}","(1.22, 0.81, 0.57)"
2026-02-11T18:37:26.234429,89.8,83.8,13.154579162597656,15.698810577392578,66.4,330,"{'bytes_sent': 4391732, 'bytes_recv': 34260587, 'packets_sent': 31277, 'packets_recv': 33697, 'errin': 0, 'errout': 0, 'dropin': 0, 'dropout': 0}","(1.22, 0.81, 0.57)"
2026-02-11T18:37:27.379683,86.2,82.8,13.00235366821289,15.698810577392578,66.4,330,"{'bytes_sent': 4394490, 'bytes_recv': 34298489, 'packets_sent': 31324, 'packets_recv': 33732, 'errin': 0, 'errout': 0, 'dropin': 0, 'dropout': 0}","(1.22, 0.81, 0.57)"
2026-02-11T18:37:28.525679,74.7,82.8,13.001853942871094,15.698810577392578,66.4,330,"{'bytes_sent': 4394634, 'bytes_recv': 34309173, 'packets_sent': 31326, 'packets_recv': 33742, 'errin': 0, 'errout': 0, 'dropin': 0, 'dropout': 0}","(1.22, 0.81, 0.57)"
2026-02-11T18:37:29.681971,71.8,83.3,13.07321548461914,15.698810577392578,66.4,330,"{'bytes_sent': 4400350, 'bytes_recv': 34391525, 'packets_sent': 31398, 'packets_recv': 33810, 'errin': 0, 'errout': 0, 'dropin': 0, 'dropout': 0}","(1.13, 0.8, 0.56)"
2026-02-11T18:37:30.827874,93.0,82.5,12.94549560546875,15.698810577392578,66.4,330,"{'bytes_sent': 4406082, 'bytes_recv': 34501274, 'packets_sent': 31477, 'packets_recv': 33902, 'errin': 0, 'errout': 0, 'dropin': 0, 'dropout': 0}","(1.13, 0.8, 0.56)"
2026-02-11T18:37:31.973844,81.8,82.9,13.020256042480469,15.698810577392578,66.4,329,"{'bytes_sent': 4407581, 'bytes_recv': 34538042, 'packets_sent': 31498, 'packets_recv': 33936, 'errin': 0, 'errout': 0, 'dropin': 0, 'dropout': 0}","(1.13, 0.8, 0.56)"
2026-02-11T18:37:33.117951,93.9,83.2,13.054828643798828,15.698810577392578,66.4,330,"{'bytes_sent': 4409219, 'bytes_recv': 34568970, 'packets_sent': 31521, 'packets_recv': 33963, 'errin': 0, 'errout': 0, 'dropin': 0, 'dropout': 0}","(1.13, 0.8, 0.56)"
2026-02-11T18:37:34.280451,85.1,83.3,13.080142974853516,15.698810577392578,66.4,330,"{'bytes_sent': 4411259, 'bytes_recv': 34614491, 'packets_sent': 31551, 'packets_recv': 34008, 'errin': 0, 'errout': 0, 'dropin': 0, 'dropout': 0}","(1.04, 0.78, 0.56)"
2026-02-11T18:37:35.410104,81.4,83.1,13.039825439453125,15.698810577392578,66.4,330,"{'bytes_sent': 4414141, 'bytes_recv': 34649499, 'packets_sent': 31600, 'packets_recv': 34038, 'errin': 0, 'errout': 0, 'dropin': 0, 'dropout': 0}","(1.04, 0.78, 0.56)"
2026-02-11T18:37:36.566166,92.1,83.0,13.034660339355469,15.698810577392578,66.4,330,"{'bytes_sent': 4416141, 'bytes_recv': 34684344, 'packets_sent': 31632, 'packets_recv': 34068, 'errin': 0, 'errout': 0, 'dropin': 0, 'dropout': 0}","(1.04, 0.78, 0.56)"
2026-02-11T18:37:37.711261,84.0,82.8,13.000255584716797,15.698810577392578,66.4,330,"{'bytes_sent': 4417979, 'bytes_recv': 34728840, 'packets_sent': 31659, 'packets_recv': 34106, 'errin': 0, 'errout': 0, 'dropin': 0, 'dropout': 0}","(1.04, 0.78, 0.56)"
2026-02-11T18:37:38.856501,75.9,82.6,12.969863891601562,15.698810577392578,66.4,330,"{'bytes_sent': 4420580, 'bytes_recv': 34784208, 'packets_sent': 31691, 'packets_recv': 34151, 'errin': 0, 'errout': 0, 'dropin': 0, 'dropout': 0}","(0.95, 0.77, 0.56)"
2026-02-11T18:37:40.001694,94.3,82.5,12.94974136352539,15.698810577392578,66.4,331,"{'bytes_sent': 4423216, 'bytes_recv': 34805490, 'packets_sent': 31713, 'packets_recv': 34172, 'errin': 0, 'errout': 0, 'dropin': 0, 'dropout': 0}","(0.95, 0.77, 0.56)"
2026-02-11T18:37:41.163777,75.7,82.9,13.0150146484375,15.698810577392578,66.4,332,"{'bytes_sent': 4424350, 'bytes_recv': 34834486, 'packets_sent': 31730, 'packets_recv': 34196, 'errin': 0, 'errout': 0, 'dropin': 0, 'dropout': 0}","(0.95, 0.77, 0.56)"
2026-02-11T18:37:42.308457,82.0,83.3,13.079113006591797,15.698810577392578,66.4,332,"{'bytes_sent': 4426610, 'bytes_recv': 34873585, 'packets_sent': 31760, 'packets_recv': 34231, 'errin': 0, 'errout': 0, 'dropin': 0, 'dropout': 0}","(0.95, 0.77, 0.56)"
2026-02-11T18:37:43.451247,66.3,83.3,13.083114624023438,15.698810577392578,66.4,332,"{'bytes_sent': 4431894, 'bytes_recv': 34907127, 'packets_sent': 31789, 'packets_recv': 34268, 'errin': 0, 'errout': 0, 'dropin': 0, 'dropout': 0}","(0.95, 0.77, 0.56)"
2026-02-11T18:37:44.600893,56.9,82.6,12.970409393310547,15.698810577392578,66.4,334,"{'bytes_sent': 4432704, 'bytes_recv': 34925789, 'packets_sent': 31800, 'packets_recv': 34291, 'errin': 0, 'errout': 0, 'dropin': 0, 'dropout': 0}","(1.44, 0.87, 0.59)"
2026-02-11T18:37:45.723627,63.9,82.8,12.996551513671875,15.698810577392578,66.4,335,"{'bytes_sent': 4438061, 'bytes_recv': 34950893, 'packets_sent': 31830, 'packets_recv': 34320, 'errin': 0, 'errout': 0, 'dropin': 0, 'dropout': 0}","(1.44, 0.87, 0.59)"
2026-02-11T18:37:46.838681,51.8,82.4,12.936325073242188,15.698810577392578,66.4,335,"{'bytes_sent': 4439831, 'bytes_recv': 34992910, 'packets_sent': 31855, 'packets_recv': 34357, 'errin': 0, 'errout': 0, 'dropin': 0, 'dropout': 0}","(1.44, 0.87, 0.59)"
2026-02-11T18:37:47.951289,28.2,82.4,12.929878234863281,15.698810577392578,66.4,335,"{'bytes_sent': 4449733, 'bytes_recv': 35030189, 'packets_sent': 31894, 'packets_recv': 34400, 'errin': 0, 'errout': 0, 'dropin': 0, 'dropout': 0}","(1.44, 0.87, 0.59)"
2026-02-11T18:37:49.079203,40.5,82.4,12.930320739746094,15.698810577392578,66.4,335,"{'bytes_sent': 4451433, 'bytes_recv': 35074697, 'packets_sent': 31920, 'packets_recv': 34436, 'errin': 0, 'errout': 0, 'dropin': 0, 'dropout': 0}","(1.32, 0.86, 0.59)"
2026-02-11T18:37:50.203436,52.3,82.4,12.937873840332031,15.698810577392578,66.4,335,"{'bytes_sent': 4452479, 'bytes_recv': 35093337, 'packets_sent': 31935, 'packets_recv': 34456, 'errin': 0, 'errout': 0, 'dropin': 0, 'dropout': 0}","(1.32, 0.86, 0.59)"
2026-02-11T18:37:51.336644,39.8,82.4,12.936111450195312,15.698810577392578,66.4,335,"{'bytes_sent': 4453734, 'bytes_recv': 35113787, 'packets_sent': 31953, 'packets_recv': 34475, 'errin': 0, 'errout': 0, 'dropin': 0, 'dropout': 0}","(1.32, 0.86, 0.59)"
2026-02-11T18:37:52.469644,57.0,82.4,12.934417724609375,15.698810577392578,66.4,335,"{'bytes_sent': 4454527, 'bytes_recv': 35120829, 'packets_sent': 31965, 'packets_recv': 34485, 'errin': 0, 'errout': 0, 'dropin': 0, 'dropout': 0}","(1.32, 0.86, 0.59)"
2026-02-11T18:37:53.596185,26.2,82.4,12.935062408447266,15.698810577392578,66.4,335,"{'bytes_sent': 4456483, 'bytes_recv': 35148692, 'packets_sent': 31989, 'packets_recv': 34512, 'errin': 0, 'errout': 0, 'dropin': 0, 'dropout': 0}","(1.32, 0.86, 0.59)"
2026-02-11T18:37:54.709368,45.2,82.4,12.934089660644531,15.698810577392578,66.4,335,"{'bytes_sent': 4457487, 'bytes_recv': 35169874, 'packets_sent': 32003, 'packets_recv': 34532, 'errin': 0, 'errout': 0, 'dropin': 0, 'dropout': 0}","(1.22, 0.84, 0.59)"
2026-02-11T18:37:55.824678,20.0,82.4,12.934059143066406,15.698810577392578,66.4,335,"{'bytes_sent': 4459021, 'bytes_recv': 35198518, 'packets_sent': 32024, 'packets_recv': 34561, 'errin': 0, 'errout': 0, 'dropin': 0, 'dropout': 0}","(1.22, 0.84, 0.59)"
2026-02-11T18:37:56.939059,28.6,82.4,12.93280029296875,15.698810577392578,66.4,335,"{'bytes_sent': 4460275, 'bytes_recv': 35226434, 'packets_sent': 32041, 'packets_recv': 34588, 'errin': 0, 'errout': 0, 'dropin': 0, 'dropout': 0}","(1.22, 0.84, 0.59)"
2026-02-11T18:37:58.054276,34.1,82.6,12.966323852539062,15.698810577392578,66.4,335,"{'bytes_sent': 4460925, 'bytes_recv': 35238922, 'packets_sent': 32050, 'packets_recv': 34599, 'errin': 0, 'errout': 0, 'dropin': 0, 'dropout': 0}","(1.22, 0.84, 0.59)"
2026-02-11T18:37:59.183813,32.1,82.6,12.973011016845703,15.698810577392578,66.4,335,"{'bytes_sent': 4463045, 'bytes_recv': 35271078, 'packets_sent': 32078, 'packets_recv': 34633, 'errin': 0, 'errout': 0, 'dropin': 0, 'dropout': 0}","(1.12, 0.83, 0.58)"
2026-02-11T18:38:00.300584,22.2,82.7,12.98101806640625,15.698810577392578,66.4,335,"{'bytes_sent': 4464515, 'bytes_recv': 35310362, 'packets_sent': 32099, 'packets_recv': 34675, 'errin': 0, 'errout': 0, 'dropin': 0, 'dropout': 0}","(1.12, 0.83, 0.58)"
2026-02-11T18:38:01.415977,50.6,82.6,12.97152328491211,15.698810577392578,66.4,335,"{'bytes_sent': 4465595, 'bytes_recv': 35338223, 'packets_sent': 32115, 'packets_recv': 34701, 'errin': 0, 'errout': 0, 'dropin': 0, 'dropout': 0}","(1.12, 0.83, 0.58)"
2026-02-11T18:38:02.528933,30.5,82.6,12.971229553222656,15.698810577392578,66.4,335,"{'bytes_sent': 4467217, 'bytes_recv': 35374173, 'packets_sent': 32138, 'packets_recv': 34734, 'errin': 0, 'errout': 0, 'dropin': 0, 'dropout': 0}","(1.12, 0.83, 0.58)"
2026-02-11T18:38:03.654308,32.9,82.6,12.970157623291016,15.698810577392578,66.4,335,"{'bytes_sent': 4469215, 'bytes_recv': 35416983, 'packets_sent': 32167, 'packets_recv': 34776, 'errin': 0, 'errout': 0, 'dropin': 0, 'dropout': 0}","(1.12, 0.83, 0.58)"
2026-02-11T18:38:04.779702,37.3,82.6,12.970123291015625,15.698810577392578,66.4,335,"{'bytes_sent': 4470069, 'bytes_recv': 35428839, 'packets_sent': 32178, 'packets_recv': 34789, 'errin': 0, 'errout': 0, 'dropin': 0, 'dropout': 0}","(1.03, 0.82, 0.58)"
2026-02-11T18:38:05.903396,26.2,82.6,12.969799041748047,15.698810577392578,66.4,335,"{'bytes_sent': 4471709, 'bytes_recv': 35446804, 'packets_sent': 32200, 'packets_recv': 34808, 'errin': 0, 'errout': 0, 'dropin': 0, 'dropout': 0}","(1.03, 0.82, 0.58)"
2026-02-11T18:38:07.030737,25.3,82.6,12.972328186035156,15.698810577392578,66.4,335,"{'bytes_sent': 4472963, 'bytes_recv': 35471060, 'packets_sent': 32217, 'packets_recv': 34831, 'errin': 0, 'errout': 0, 'dropin': 0, 'dropout': 0}","(1.03, 0.82, 0.58)"
2026-02-11T18:38:08.137935,51.7,82.6,12.96359634399414,15.698810577392578,66.4,335,"{'bytes_sent': 4474085, 'bytes_recv': 35502966, 'packets_sent': 32234, 'packets_recv': 34856, 'errin': 0, 'errout': 0, 'dropin': 0, 'dropout': 0}","(1.03, 0.82, 0.58)"
2026-02-11T18:38:09.253501,47.3,82.6,12.96164321899414,15.698810577392578,66.4,335,"{'bytes_sent': 4475761, 'bytes_recv': 35547171, 'packets_sent': 32258, 'packets_recv': 34893, 'errin': 0, 'errout': 0, 'dropin': 0, 'dropout': 0}","(0.95, 0.8, 0.58)"
2026-02-11T18:38:10.368350,41.2,82.4,12.94189453125,15.698810577392578,66.4,335,"{'bytes_sent': 4477705, 'bytes_recv': 35599188, 'packets_sent': 32286, 'packets_recv': 34945, 'errin': 0, 'errout': 0, 'dropin': 0, 'dropout': 0}","(0.95, 0.8, 0.58)"
2026-02-11T18:38:11.482109,25.0,82.6,12.960994720458984,15.698810577392578,66.4,335,"{'bytes_sent': 4480117, 'bytes_recv': 35635077, 'packets_sent': 32320, 'packets_recv': 34985, 'errin': 0, 'errout': 0, 'dropin': 0, 'dropout': 0}","(0.95, 0.8, 0.58)"
2026-02-11T18:38:12.604825,52.3,82.5,12.957439422607422,15.698810577392578,66.4,335,"{'bytes_sent': 4482265, 'bytes_recv': 35685907, 'packets_sent': 32350, 'packets_recv': 35044, 'errin': 0, 'errout': 0, 'dropin': 0, 'dropout': 0}","(0.95, 0.8, 0.58)"
2026-02-11T18:38:13.731562,42.9,82.6,12.961238861083984,15.698810577392578,66.4,335,"{'bytes_sent': 4483729, 'bytes_recv': 35737067, 'packets_sent': 32372, 'packets_recv': 35086, 'errin': 0, 'errout': 0, 'dropin': 0, 'dropout': 0}","(0.95, 0.8, 0.58)"
2026-02-11T18:38:14.844517,34.5,82.5,12.952674865722656,15.698810577392578,66.4,335,"{'bytes_sent': 4486921, 'bytes_recv': 35810144, 'packets_sent': 32417, 'packets_recv': 35149, 'errin': 0, 'errout': 0, 'dropin': 0, 'dropout': 0}","(0.87, 0.79, 0.57)"
2026-02-11T18:38:15.971080,47.6,82.6,12.960163116455078,15.698810577392578,66.4,335,"{'bytes_sent': 4489379, 'bytes_recv': 35855621, 'packets_sent': 32445, 'packets_recv': 35188, 'errin': 0, 'errout': 0, 'dropin': 0, 'dropout': 0}","(0.87, 0.79, 0.57)"
2026-02-11T18:38:17.083779,40.7,82.5,12.95132064819336,15.698810577392578,66.4,337,"{'bytes_sent': 4491645, 'bytes_recv': 35897695, 'packets_sent': 32478, 'packets_recv': 35223, 'errin': 0, 'errout': 0, 'dropin': 0, 'dropout': 0}","(0.87, 0.79, 0.57)"
2026-02-11T18:38:18.215854,38.1,82.5,12.948875427246094,15.698810577392578,66.4,335,"{'bytes_sent': 4502980, 'bytes_recv': 35970014, 'packets_sent': 32537, 'packets_recv': 35296, 'errin': 0, 'errout': 0, 'dropin': 0, 'dropout': 0}","(0.87, 0.79, 0.57)"
2026-02-11T18:38:19.338154,60.7,82.6,12.962738037109375,15.698810577392578,66.4,337,"{'bytes_sent': 4514504, 'bytes_recv': 36085093, 'packets_sent': 32625, 'packets_recv': 35404, 'errin': 0, 'errout': 0, 'dropin': 0, 'dropout': 0}","(1.04, 0.83, 0.59)"
2026-02-11T18:38:20.451662,46.4,82.5,12.947540283203125,15.698810577392578,66.4,334,"{'bytes_sent': 4546792, 'bytes_recv': 36171366, 'packets_sent': 32695, 'packets_recv': 35499, 'errin': 0, 'errout': 0, 'dropin': 0, 'dropout': 0}","(1.04, 0.83, 0.59)"
2026-02-11T18:38:21.565558,29.8,82.5,12.947563171386719,15.698810577392578,66.4,336,"{'bytes_sent': 4549328, 'bytes_recv': 36214760, 'packets_sent': 32731, 'packets_recv': 35543, 'errin': 0, 'errout': 0, 'dropin': 0, 'dropout': 0}","(1.04, 0.83, 0.59)"
2026-02-11T18:38:22.702417,40.0,82.5,12.94417953491211,15.698810577392578,66.4,334,"{'bytes_sent': 4551754, 'bytes_recv': 36268926, 'packets_sent': 32766, 'packets_recv': 35583, 'errin': 0, 'errout': 0, 'dropin': 0, 'dropout': 0}","(1.04, 0.83, 0.59)"
2026-02-11T18:38:23.829118,31.8,82.5,12.94472885131836,15.698810577392578,66.4,334,"{'bytes_sent': 4554130, 'bytes_recv': 36329444, 'packets_sent': 32800, 'packets_recv': 35631, 'errin': 0, 'errout': 0, 'dropin': 0, 'dropout': 0}","(1.04, 0.83, 0.59)"
2026-02-11T18:38:24.953013,48.8,82.4,12.940513610839844,15.698810577392578,66.4,334,"{'bytes_sent': 4555526, 'bytes_recv': 36385026, 'packets_sent': 32820, 'packets_recv': 35676, 'errin': 0, 'errout': 0, 'dropin': 0, 'dropout': 0}","(0.96, 0.81, 0.58)"
2026-02-11T18:38:26.068479,35.7,82.4,12.93991470336914,15.698810577392578,66.4,334,"{'bytes_sent': 4557848, 'bytes_recv': 36424060, 'packets_sent': 32853, 'packets_recv': 35708, 'errin': 0, 'errout': 0, 'dropin': 0, 'dropout': 0}","(0.96, 0.81, 0.58)"
2026-02-11T18:38:27.202536,36.9,82.4,12.938758850097656,15.698810577392578,66.4,334,"{'bytes_sent': 4559136, 'bytes_recv': 36458969, 'packets_sent': 32871, 'packets_recv': 35735, 'errin': 0, 'errout': 0, 'dropin': 0, 'dropout': 0}","(0.96, 0.81, 0.58)"
2026-02-11T18:38:28.322734,42.5,82.4,12.938133239746094,15.698810577392578,66.4,334,"{'bytes_sent': 4559874, 'bytes_recv': 36486823, 'packets_sent': 32882, 'packets_recv': 35756, 'errin': 0, 'errout': 0, 'dropin': 0, 'dropout': 0}","(0.96, 0.81, 0.58)"
2026-02-11T18:38:29.436571,37.6,82.4,12.938095092773438,15.698810577392578,66.4,334,"{'bytes_sent': 4560666, 'bytes_recv': 36494283, 'packets_sent': 32894, 'packets_recv': 35761, 'errin': 0, 'errout': 0, 'dropin': 0, 'dropout': 0}","(0.88, 0.8, 0.58)"
2026-02-11T18:38:30.551857,34.4,82.4,12.941059112548828,15.698810577392578,66.4,334,"{'bytes_sent': 4561182, 'bytes_recv': 36511992, 'packets_sent': 32902, 'packets_recv': 35776, 'errin': 0, 'errout': 0, 'dropin': 0, 'dropout': 0}","(0.88, 0.8, 0.58)"
2026-02-11T18:38:31.686498,24.7,82.4,12.93963623046875,15.698810577392578,66.4,334,"{'bytes_sent': 4561966, 'bytes_recv': 36528309, 'packets_sent': 32912, 'packets_recv': 35790, 'errin': 0, 'errout': 0, 'dropin': 0, 'dropout': 0}","(0.88, 0.8, 0.58)"
2026-02-11T18:38:32.798324,40.5,82.4,12.939857482910156,15.698810577392578,66.4,334,"{'bytes_sent': 4562848, 'bytes_recv': 36543201, 'packets_sent': 32925, 'packets_recv': 35802, 'errin': 0, 'errout': 0, 'dropin': 0, 'dropout': 0}","(0.88, 0.8, 0.58)"
2026-02-11T18:38:33.922870,36.9,82.4,12.939369201660156,15.698810577392578,66.4,334,"{'bytes_sent': 4563442, 'bytes_recv': 36562801, 'packets_sent': 32934, 'packets_recv': 35817, 'errin': 0, 'errout': 0, 'dropin': 0, 'dropout': 0}","(0.81, 0.79, 0.58)"
2026-02-11T18:38:35.034904,35.3,82.4,12.940887451171875,15.698810577392578,66.4,334,"{'bytes_sent': 4565368, 'bytes_recv': 36598329, 'packets_sent': 32961, 'packets_recv': 35844, 'errin': 0, 'errout': 0, 'dropin': 0, 'dropout': 0}","(0.81, 0.79, 0.58)"
2026-02-11T18:38:36.169678,17.9,82.4,12.940166473388672,15.698810577392578,66.4,334,"{'bytes_sent': 4567919, 'bytes_recv': 36660208, 'packets_sent': 32998, 'packets_recv': 35891, 'errin': 0, 'errout': 0, 'dropin': 0, 'dropout': 0}","(0.81, 0.79, 0.58)"
2026-02-11T18:38:37.298362,39.2,82.4,12.94083023071289,15.698810577392578,66.4,334,"{'bytes_sent': 4569711, 'bytes_recv': 36706694, 'packets_sent': 33024, 'packets_recv': 35926, 'errin': 0, 'errout': 0, 'dropin': 0, 'dropout': 0}","(0.81, 0.79, 0.58)"
2026-02-11T18:38:38.422063,29.8,82.4,12.940078735351562,15.698810577392578,66.4,334,"{'bytes_sent': 4571788, 'bytes_recv': 36764856, 'packets_sent': 33054, 'packets_recv': 35968, 'errin': 0, 'errout': 0, 'dropin': 0, 'dropout': 0}","(0.81, 0.79, 0.58)"
2026-02-11T18:38:39.536121,39.5,82.4,12.941436767578125,15.698810577392578,66.4,334,"{'bytes_sent': 4573690, 'bytes_recv': 36827690, 'packets_sent': 33081, 'packets_recv': 36015, 'errin': 0, 'errout': 0, 'dropin': 0, 'dropout': 0}","(0.75, 0.77, 0.57)"
2026-02-11T18:38:40.669939,26.2,82.4,12.940803527832031,15.698810577392578,66.4,334,"{'bytes_sent': 4574954, 'bytes_recv': 36856434, 'packets_sent': 33098, 'packets_recv': 36039, 'errin': 0, 'errout': 0, 'dropin': 0, 'dropout': 0}","(0.75, 0.77, 0.57)"
2026-02-11T18:38:41.781868,37.2,82.4,12.943588256835938,15.698810577392578,66.4,334,"{'bytes_sent': 4577206, 'bytes_recv': 36908456, 'packets_sent': 33130, 'packets_recv': 36075, 'errin': 0, 'errout': 0, 'dropin': 0, 'dropout': 0}","(0.75, 0.77, 0.57)"
2026-02-11T18:38:42.907749,40.0,82.4,12.94134521484375,15.698810577392578,66.4,334,"{'bytes_sent': 4579286, 'bytes_recv': 36969616, 'packets_sent': 33160, 'packets_recv': 36120, 'errin': 0, 'errout': 0, 'dropin': 0, 'dropout': 0}","(0.75, 0.77, 0.57)"
2026-02-11T18:38:44.020616,55.3,82.3,12.925853729248047,15.698810577392578,66.4,333,"{'bytes_sent': 4580630, 'bytes_recv': 37014904, 'packets_sent': 33180, 'packets_recv': 36157, 'errin': 0, 'errout': 0, 'dropin': 0, 'dropout': 0}","(0.69, 0.76, 0.57)"
2026-02-11T18:38:45.156150,35.7,82.1,12.88345718383789,15.698810577392578,66.4,333,"{'bytes_sent': 4582394, 'bytes_recv': 37059959, 'packets_sent': 33205, 'packets_recv': 36194, 'errin': 0, 'errout': 0, 'dropin': 0, 'dropout': 0}","(0.69, 0.76, 0.57)"
2026-02-11T18:38:46.282740,42.4,81.9,12.862476348876953,15.698810577392578,66.4,332,"{'bytes_sent': 4583540, 'bytes_recv': 37094528, 'packets_sent': 33221, 'packets_recv': 36220, 'errin': 0, 'errout': 0, 'dropin': 0, 'dropout': 0}","(0.69, 0.76, 0.57)"
2026-02-11T18:38:47.392386,43.7,81.9,12.860633850097656,15.698810577392578,66.4,332,"{'bytes_sent': 4592937, 'bytes_recv': 37128507, 'packets_sent': 33252, 'packets_recv': 36250, 'errin': 0, 'errout': 0, 'dropin': 0, 'dropout': 0}","(0.69, 0.76, 0.57)"
2026-02-11T18:38:48.505174,40.9,81.9,12.860305786132812,15.698810577392578,66.4,332,"{'bytes_sent': 4594741, 'bytes_recv': 37176816, 'packets_sent': 33278, 'packets_recv': 36291, 'errin': 0, 'errout': 0, 'dropin': 0, 'dropout': 0}","(0.69, 0.76, 0.57)"
2026-02-11T18:38:49.640760,50.0,81.9,12.856941223144531,15.698810577392578,66.4,332,"{'bytes_sent': 4602077, 'bytes_recv': 37271018, 'packets_sent': 33331, 'packets_recv': 36363, 'errin': 0, 'errout': 0, 'dropin': 0, 'dropout': 0}","(0.71, 0.76, 0.57)"
2026-02-11T18:38:50.766539,48.2,82.1,12.88815689086914,15.698810577392578,66.4,331,"{'bytes_sent': 4608095, 'bytes_recv': 37362874, 'packets_sent': 33384, 'packets_recv': 36432, 'errin': 0, 'errout': 0, 'dropin': 0, 'dropout': 0}","(0.71, 0.76, 0.57)"
2026-02-11T18:38:51.893745,19.0,82.1,12.885986328125,15.698810577392578,66.4,331,"{'bytes_sent': 4610099, 'bytes_recv': 37438278, 'packets_sent': 33414, 'packets_recv': 36484, 'errin': 0, 'errout': 0, 'dropin': 0, 'dropout': 0}","(0.71, 0.76, 0.57)"
2026-02-11T18:38:53.005846,54.1,82.1,12.895099639892578,15.698810577392578,66.4,331,"{'bytes_sent': 4613128, 'bytes_recv': 37485494, 'packets_sent': 33439, 'packets_recv': 36526, 'errin': 0, 'errout': 0, 'dropin': 0, 'dropout': 0}","(0.71, 0.76, 0.57)"
2026-02-11T18:38:54.138871,18.1,82.1,12.891380310058594,15.698810577392578,66.4,331,"{'bytes_sent': 4618554, 'bytes_recv': 37549464, 'packets_sent': 33479, 'packets_recv': 36572, 'errin': 0, 'errout': 0, 'dropin': 0, 'dropout': 0}","(0.65, 0.75, 0.57)"
2026-02-11T18:38:55.266480,21.9,82.1,12.889705657958984,15.698810577392578,66.4,331,"{'bytes_sent': 4621915, 'bytes_recv': 37620945, 'packets_sent': 33510, 'packets_recv': 36627, 'errin': 0, 'errout': 0, 'dropin': 0, 'dropout': 0}","(0.65, 0.75, 0.57)"
2026-02-11T18:38:56.392941,20.0,82.1,12.895698547363281,15.698810577392578,66.4,331,"{'bytes_sent': 4623515, 'bytes_recv': 37663137, 'packets_sent': 33533, 'packets_recv': 36661, 'errin': 0, 'errout': 0, 'dropin': 0, 'dropout': 0}","(0.65, 0.75, 0.57)"
2026-02-11T18:38:57.506165,32.4,82.1,12.895580291748047,15.698810577392578,66.4,331,"{'bytes_sent': 4626889, 'bytes_recv': 37738573, 'packets_sent': 33574, 'packets_recv': 36718, 'errin': 0, 'errout': 0, 'dropin': 0, 'dropout': 0}","(0.65, 0.75, 0.57)"
2026-02-11T18:38:58.621859,18.6,82.1,12.894126892089844,15.698810577392578,66.4,331,"{'bytes_sent': 4629319, 'bytes_recv': 37806255, 'packets_sent': 33611, 'packets_recv': 36770, 'errin': 0, 'errout': 0, 'dropin': 0, 'dropout': 0}","(0.65, 0.75, 0.57)"
2026-02-11T18:38:59.751617,20.2,82.1,12.894126892089844,15.698810577392578,66.4,331,"{'bytes_sent': 4633491, 'bytes_recv': 37914596, 'packets_sent': 33665, 'packets_recv': 36854, 'errin': 0, 'errout': 0, 'dropin': 0, 'dropout': 0}","(0.6, 0.74, 0.57)"
2026-02-11T18:39:00.879486,32.6,82.4,12.938446044921875,15.698810577392578,66.4,334,"{'bytes_sent': 4647570, 'bytes_recv': 38009745, 'packets_sent': 33743, 'packets_recv': 36947, 'errin': 0, 'errout': 0, 'dropin': 0, 'dropout': 0}","(0.6, 0.74, 0.57)"
2026-02-11T18:39:01.993676,29.8,82.4,12.932575225830078,15.698810577392578,66.4,332,"{'bytes_sent': 4652558, 'bytes_recv': 38046046, 'packets_sent': 33775, 'packets_recv': 36996, 'errin': 0, 'errout': 0, 'dropin': 0, 'dropout': 0}","(0.6, 0.74, 0.57)"
2026-02-11T18:39:03.123014,31.0,82.4,12.934402465820312,15.698810577392578,66.4,334,"{'bytes_sent': 4658697, 'bytes_recv': 38074734, 'packets_sent': 33812, 'packets_recv': 37031, 'errin': 0, 'errout': 0, 'dropin': 0, 'dropout': 0}","(0.6, 0.74, 0.57)"
2026-02-11T18:39:04.251270,27.1,82.4,12.933906555175781,15.698810577392578,66.4,332,"{'bytes_sent': 4664835, 'bytes_recv': 38156180, 'packets_sent': 33862, 'packets_recv': 37101, 'errin': 0, 'errout': 0, 'dropin': 0, 'dropout': 0}","(0.55, 0.73, 0.56)"
2026-02-11T18:39:05.377619,18.8,82.4,12.932193756103516,15.698810577392578,66.4,332,"{'bytes_sent': 4666990, 'bytes_recv': 38218407, 'packets_sent': 33893, 'packets_recv': 37150, 'errin': 0, 'errout': 0, 'dropin': 0, 'dropout': 0}","(0.55, 0.73, 0.56)"
2026-02-11T18:39:06.491101,27.2,82.4,12.93636703491211,15.698810577392578,66.4,332,"{'bytes_sent': 4668850, 'bytes_recv': 38254448, 'packets_sent': 33921, 'packets_recv': 37181, 'errin': 0, 'errout': 0, 'dropin': 0, 'dropout': 0}","(0.55, 0.73, 0.56)"
2026-02-11T18:39:07.608283,39.8,82.4,12.93185043334961,15.698810577392578,66.4,332,"{'bytes_sent': 4672878, 'bytes_recv': 38322061, 'packets_sent': 33960, 'packets_recv': 37231, 'errin': 0, 'errout': 0, 'dropin': 0, 'dropout': 0}","(0.55, 0.73, 0.56)"
2026-02-11T18:39:08.735996,25.3,82.3,12.926902770996094,15.698810577392578,66.4,332,"{'bytes_sent': 4675722, 'bytes_recv': 38398155, 'packets_sent': 34002, 'packets_recv': 37288, 'errin': 0, 'errout': 0, 'dropin': 0, 'dropout': 0}","(0.55, 0.73, 0.56)"
2026-02-11T18:39:09.863528,18.8,82.3,12.925182342529297,15.698810577392578,66.4,332,"{'bytes_sent': 4678300, 'bytes_recv': 38449893, 'packets_sent': 34039, 'packets_recv': 37326, 'errin': 0, 'errout': 0, 'dropin': 0, 'dropout': 0}","(0.51, 0.71, 0.56)"
2026-02-11T18:39:10.992698,32.9,82.3,12.924514770507812,15.698810577392578,66.4,332,"{'bytes_sent': 4679964, 'bytes_recv': 38491389, 'packets_sent': 34063, 'packets_recv': 37357, 'errin': 0, 'errout': 0, 'dropin': 0, 'dropout': 0}","(0.51, 0.71, 0.56)"
2026-02-11T18:39:12.124240,14.0,73.2,11.498249053955078,15.698810577392578,66.4,332,"{'bytes_sent': 4680482, 'bytes_recv': 38505184, 'packets_sent': 34070, 'packets_recv': 37371, 'errin': 0, 'errout': 0, 'dropin': 0, 'dropout': 0}","(0.51, 0.71, 0.56)"
2026-02-11T18:39:13.253133,56.9,58.2,9.14187240600586,15.698810577392578,66.4,332,"{'bytes_sent': 4681842, 'bytes_recv': 38514523, 'packets_sent': 34090, 'packets_recv': 37383, 'errin': 0, 'errout': 0, 'dropin': 0, 'dropout': 0}","(0.51, 0.71, 0.56)"
2026-02-11T18:39:14.374034,35.7,57.9,9.088706970214844,15.698810577392578,66.4,331,"{'bytes_sent': 4683644, 'bytes_recv': 38553151, 'packets_sent': 34115, 'packets_recv': 37420, 'errin': 0, 'errout': 0, 'dropin': 0, 'dropout': 0}","(0.47, 0.7, 0.56)"
2026-02-11T18:39:15.492029,31.5,57.8,9.078498840332031,15.698810577392578,66.4,331,"{'bytes_sent': 4685310, 'bytes_recv': 38583287, 'packets_sent': 34138, 'packets_recv': 37447, 'errin': 0, 'errout': 0, 'dropin': 0, 'dropout': 0}","(0.47, 0.7, 0.56)"
2026-02-11T18:39:16.608774,39.1,57.8,9.07766342163086,15.698810577392578,66.4,331,"{'bytes_sent': 4686732, 'bytes_recv': 38619406, 'packets_sent': 34159, 'packets_recv': 37480, 'errin': 0, 'errout': 0, 'dropin': 0, 'dropout': 0}","(0.47, 0.7, 0.56)"
2026-02-11T18:39:17.735086,41.2,57.9,9.088348388671875,15.698810577392578,66.4,331,"{'bytes_sent': 4697641, 'bytes_recv': 38656152, 'packets_sent': 34190, 'packets_recv': 37514, 'errin': 0, 'errout': 0, 'dropin': 0, 'dropout': 0}","(0.47, 0.7, 0.56)"
2026-02-11T18:39:18.848357,49.3,57.9,9.088550567626953,15.698810577392578,66.4,331,"{'bytes_sent': 4699696, 'bytes_recv': 38701304, 'packets_sent': 34221, 'packets_recv': 37564, 'errin': 0, 'errout': 0, 'dropin': 0, 'dropout': 0}","(0.47, 0.7, 0.56)"
2026-02-11T18:39:19.963010,34.1,57.9,9.089187622070312,15.698810577392578,66.4,331,"{'bytes_sent': 4701752, 'bytes_recv': 38750263, 'packets_sent': 34251, 'packets_recv': 37606, 'errin': 0, 'errout': 0, 'dropin': 0, 'dropout': 0}","(0.43, 0.69, 0.55)"
2026-02-11T18:39:21.076774,31.0,58.0,9.098236083984375,15.698810577392578,66.4,331,"{'bytes_sent': 4704300, 'bytes_recv': 38788037, 'packets_sent': 34284, 'packets_recv': 37649, 'errin': 0, 'errout': 0, 'dropin': 0, 'dropout': 0}","(0.43, 0.69, 0.55)"
2026-02-11T18:39:22.204741,64.4,58.0,9.10336685180664,15.698810577392578,66.4,331,"{'bytes_sent': 4711382, 'bytes_recv': 38839855, 'packets_sent': 34324, 'packets_recv': 37702, 'errin': 0, 'errout': 0, 'dropin': 0, 'dropout': 0}","(0.43, 0.69, 0.55)"
2026-02-11T18:39:23.331538,63.9,58.1,9.113216400146484,15.698810577392578,66.4,331,"{'bytes_sent': 4712085, 'bytes_recv': 38868682, 'packets_sent': 34335, 'packets_recv': 37731, 'errin': 0, 'errout': 0, 'dropin': 0, 'dropout': 0}","(0.43, 0.69, 0.55)"
2026-02-11T18:39:24.457451,52.9,58.1,9.120960235595703,15.698810577392578,66.4,331,"{'bytes_sent': 4713355, 'bytes_recv': 38886511, 'packets_sent': 34352, 'packets_recv': 37745, 'errin': 0, 'errout': 0, 'dropin': 0, 'dropout': 0}","(0.4, 0.68, 0.55)"
2026-02-11T18:39:25.574475,14.6,57.9,9.096271514892578,15.698810577392578,66.4,331,"{'bytes_sent': 4714625, 'bytes_recv': 38920788, 'packets_sent': 34370, 'packets_recv': 37775, 'errin': 0, 'errout': 0, 'dropin': 0, 'dropout': 0}","(0.4, 0.68, 0.55)"
2026-02-11T18:39:26.704540,40.5,57.9,9.089130401611328,15.698810577392578,66.4,331,"{'bytes_sent': 4716311, 'bytes_recv': 38977806, 'packets_sent': 34395, 'packets_recv': 37817, 'errin': 0, 'errout': 0, 'dropin': 0, 'dropout': 0}","(0.4, 0.68, 0.55)"
2026-02-11T18:39:27.817367,26.2,57.9,9.092327117919922,15.698810577392578,66.4,331,"{'bytes_sent': 4718551, 'bytes_recv': 39044304, 'packets_sent': 34427, 'packets_recv': 37866, 'errin': 0, 'errout': 0, 'dropin': 0, 'dropout': 0}","(0.4, 0.68, 0.55)"
2026-02-11T18:39:28.931067,49.4,57.9,9.08981704711914,15.698810577392578,66.4,331,"{'bytes_sent': 4720125, 'bytes_recv': 39095712, 'packets_sent': 34450, 'packets_recv': 37901, 'errin': 0, 'errout': 0, 'dropin': 0, 'dropout': 0}","(0.4, 0.68, 0.55)"
2026-02-11T18:39:30.045823,29.8,57.9,9.092525482177734,15.698810577392578,66.4,331,"{'bytes_sent': 4721647, 'bytes_recv': 39140832, 'packets_sent': 34471, 'packets_recv': 37934, 'errin': 0, 'errout': 0, 'dropin': 0, 'dropout': 0}","(0.37, 0.67, 0.55)"
2026-02-11T18:39:31.174352,35.6,57.7,9.053775787353516,15.698810577392578,66.4,330,"{'bytes_sent': 4723764, 'bytes_recv': 39186964, 'packets_sent': 34501, 'packets_recv': 37972, 'errin': 0, 'errout': 0, 'dropin': 0, 'dropout': 0}","(0.37, 0.67, 0.55)"
2026-02-11T18:39:32.300298,35.6,57.7,9.050971984863281,15.698810577392578,66.4,330,"{'bytes_sent': 4725498, 'bytes_recv': 39236344, 'packets_sent': 34526, 'packets_recv': 38012, 'errin': 0, 'errout': 0, 'dropin': 0, 'dropout': 0}","(0.37, 0.67, 0.55)"
2026-02-11T18:39:33.426403,32.9,57.7,9.051555633544922,15.698810577392578,66.4,330,"{'bytes_sent': 4726832, 'bytes_recv': 39277584, 'packets_sent': 34545, 'packets_recv': 38042, 'errin': 0, 'errout': 0, 'dropin': 0, 'dropout': 0}","(0.37, 0.67, 0.55)"
2026-02-11T18:39:34.553575,42.5,57.7,9.05621337890625,15.698810577392578,66.4,330,"{'bytes_sent': 4728568, 'bytes_recv': 39309762, 'packets_sent': 34569, 'packets_recv': 38069, 'errin': 0, 'errout': 0, 'dropin': 0, 'dropout': 0}","(0.34, 0.66, 0.55)"
2026-02-11T18:39:35.690724,40.8,57.7,9.053329467773438,15.698810577392578,66.4,330,"{'bytes_sent': 4730396, 'bytes_recv': 39356636, 'packets_sent': 34594, 'packets_recv': 38114, 'errin': 0, 'errout': 0, 'dropin': 0, 'dropout': 0}","(0.34, 0.66, 0.55)"
2026-02-11T18:39:36.803537,51.3,57.7,9.055927276611328,15.698810577392578,66.4,330,"{'bytes_sent': 4731980, 'bytes_recv': 39396060, 'packets_sent': 34616, 'packets_recv': 38145, 'errin': 0, 'errout': 0, 'dropin': 0, 'dropout': 0}","(0.34, 0.66, 0.55)"
2026-02-11T18:39:37.918188,62.0,57.7,9.057365417480469,15.698810577392578,66.4,330,"{'bytes_sent': 4734281, 'bytes_recv': 39437872, 'packets_sent': 34642, 'packets_recv': 38182, 'errin': 0, 'errout': 0, 'dropin': 0, 'dropout': 0}","(0.34, 0.66, 0.55)"
2026-02-11T18:39:39.030759,34.5,57.8,9.07522964477539,15.698810577392578,66.4,330,"{'bytes_sent': 4736325, 'bytes_recv': 39485308, 'packets_sent': 34672, 'packets_recv': 38217, 'errin': 0, 'errout': 0, 'dropin': 0, 'dropout': 0}","(0.31, 0.65, 0.54)"
2026-02-11T18:39:40.158418,31.0,57.7,9.056110382080078,15.698810577392578,66.4,330,"{'bytes_sent': 4739205, 'bytes_recv': 39560512, 'packets_sent': 34712, 'packets_recv': 38271, 'errin': 0, 'errout': 0, 'dropin': 0, 'dropout': 0}","(0.31, 0.65, 0.54)"
2026-02-11T18:39:41.284234,38.8,57.7,9.055824279785156,15.698810577392578,66.4,330,"{'bytes_sent': 4742671, 'bytes_recv': 39643960, 'packets_sent': 34761, 'packets_recv': 38331, 'errin': 0, 'errout': 0, 'dropin': 0, 'dropout': 0}","(0.31, 0.65, 0.54)"
2026-02-11T18:39:42.396291,35.6,57.7,9.05916976928711,15.698810577392578,66.4,330,"{'bytes_sent': 4745323, 'bytes_recv': 39701544, 'packets_sent': 34799, 'packets_recv': 38375, 'errin': 0, 'errout': 0, 'dropin': 0, 'dropout': 0}","(0.31, 0.65, 0.54)"
2026-02-11T18:39:43.522318,37.2,57.7,9.059318542480469,15.698810577392578,66.4,330,"{'bytes_sent': 4746869, 'bytes_recv': 39732935, 'packets_sent': 34821, 'packets_recv': 38402, 'errin': 0, 'errout': 0, 'dropin': 0, 'dropout': 0}","(0.31, 0.65, 0.54)"
2026-02-11T18:39:44.657604,36.5,57.7,9.057323455810547,15.698810577392578,66.4,330,"{'bytes_sent': 4748795, 'bytes_recv': 39783497, 'packets_sent': 34850, 'packets_recv': 38438, 'errin': 0, 'errout': 0, 'dropin': 0, 'dropout': 0}","(0.28, 0.64, 0.54)"
2026-02-11T18:39:45.772706,34.7,57.7,9.061355590820312,15.698810577392578,66.4,330,"{'bytes_sent': 4750193, 'bytes_recv': 39833654, 'packets_sent': 34871, 'packets_recv': 38473, 'errin': 0, 'errout': 0, 'dropin': 0, 'dropout': 0}","(0.28, 0.64, 0.54)"
2026-02-11T18:39:46.887005,47.6,57.7,9.05356216430664,15.698810577392578,66.4,330,"{'bytes_sent': 4752207, 'bytes_recv': 39880502, 'packets_sent': 34900, 'packets_recv': 38511, 'errin': 0, 'errout': 0, 'dropin': 0, 'dropout': 0}","(0.28, 0.64, 0.54)"
2026-02-11T18:39:48.001072,25.9,57.7,9.055953979492188,15.698810577392578,66.4,330,"{'bytes_sent': 4760768, 'bytes_recv': 39928640, 'packets_sent': 34935, 'packets_recv': 38555, 'errin': 0, 'errout': 0, 'dropin': 0, 'dropout': 0}","(0.28, 0.64, 0.54)"
2026-02-11T18:39:49.126586,42.5,57.7,9.058212280273438,15.698810577392578,66.4,332,"{'bytes_sent': 4762648, 'bytes_recv': 39978191, 'packets_sent': 34961, 'packets_recv': 38601, 'errin': 0, 'errout': 0, 'dropin': 0, 'dropout': 0}","(0.26, 0.63, 0.54)"
2026-02-11T18:39:50.254070,36.5,57.7,9.057971954345703,15.698810577392578,66.4,330,"{'bytes_sent': 4764424, 'bytes_recv': 40030787, 'packets_sent': 34987, 'packets_recv': 38642, 'errin': 0, 'errout': 0, 'dropin': 0, 'dropout': 0}","(0.26, 0.63, 0.54)"
2026-02-11T18:39:51.380612,42.5,57.7,9.059768676757812,15.698810577392578,66.4,332,"{'bytes_sent': 4767345, 'bytes_recv': 40108619, 'packets_sent': 35027, 'packets_recv': 38704, 'errin': 0, 'errout': 0, 'dropin': 0, 'dropout': 0}","(0.26, 0.63, 0.54)"
2026-02-11T18:39:52.492977,23.3,58.1,9.125247955322266,15.698810577392578,66.4,330,"{'bytes_sent': 4769595, 'bytes_recv': 40177065, 'packets_sent': 35060, 'packets_recv': 38755, 'errin': 0, 'errout': 0, 'dropin': 0, 'dropout': 0}","(0.26, 0.63, 0.54)"
2026-02-11T18:39:53.608356,28.9,58.2,9.13473892211914,15.698810577392578,66.4,332,"{'bytes_sent': 4772265, 'bytes_recv': 40256757, 'packets_sent': 35099, 'packets_recv': 38811, 'errin': 0, 'errout': 0, 'dropin': 0, 'dropout': 0}","(0.26, 0.63, 0.54)"
2026-02-11T18:39:54.725700,22.7,58.2,9.129653930664062,15.698810577392578,66.4,330,"{'bytes_sent': 4776003, 'bytes_recv': 40376919, 'packets_sent': 35154, 'packets_recv': 38897, 'errin': 0, 'errout': 0, 'dropin': 0, 'dropout': 0}","(0.24, 0.61, 0.53)"
2026-02-11T18:39:55.839197,34.1,58.1,9.128093719482422,15.698810577392578,66.4,330,"{'bytes_sent': 4780745, 'bytes_recv': 40515735, 'packets_sent': 35221, 'packets_recv': 39000, 'errin': 0, 'errout': 0, 'dropin': 0, 'dropout': 0}","(0.24, 0.61, 0.53)"
2026-02-11T18:39:56.956198,26.8,58.1,9.124542236328125,15.698810577392578,66.4,330,"{'bytes_sent': 4783765, 'bytes_recv': 40601773, 'packets_sent': 35263, 'packets_recv': 39063, 'errin': 0, 'errout': 0, 'dropin': 0, 'dropout': 0}","(0.24, 0.61, 0.53)"
2026-02-11T18:39:58.075461,45.2,58.2,9.13405990600586,15.698810577392578,66.4,330,"{'bytes_sent': 4786075, 'bytes_recv': 40654595, 'packets_sent': 35294, 'packets_recv': 39101, 'errin': 0, 'errout': 0, 'dropin': 0, 'dropout': 0}","(0.24, 0.61, 0.53)"
2026-02-11T18:39:59.206657,33.3,58.2,9.132575988769531,15.698810577392578,66.4,330,"{'bytes_sent': 4787749, 'bytes_recv': 40696141, 'packets_sent': 35317, 'packets_recv': 39132, 'errin': 0, 'errout': 0, 'dropin': 0, 'dropout': 0}","(0.22, 0.6, 0.53)"
2026-02-11T18:40:00.334031,43.1,58.2,9.129268646240234,15.698810577392578,66.4,330,"{'bytes_sent': 4789403, 'bytes_recv': 40731170, 'packets_sent': 35340, 'packets_recv': 39163, 'errin': 0, 'errout': 0, 'dropin': 0, 'dropout': 0}","(0.22, 0.6, 0.53)"
2026-02-11T18:40:01.460172,26.4,58.2,9.130264282226562,15.698810577392578,66.4,330,"{'bytes_sent': 4790863, 'bytes_recv': 40762947, 'packets_sent': 35360, 'packets_recv': 39193, 'errin': 0, 'errout': 0, 'dropin': 0, 'dropout': 0}","(0.22, 0.6, 0.53)"
2026-02-11T18:40:02.584773,30.6,58.1,9.12127685546875,15.698810577392578,66.4,330,"{'bytes_sent': 4792811, 'bytes_recv': 40828017, 'packets_sent': 35388, 'packets_recv': 39239, 'errin': 0, 'errout': 0, 'dropin': 0, 'dropout': 0}","(0.22, 0.6, 0.53)"
2026-02-11T18:40:03.706772,35.3,58.1,9.126461029052734,15.698810577392578,66.4,330,"{'bytes_sent': 4796045, 'bytes_recv': 40899605, 'packets_sent': 35435, 'packets_recv': 39295, 'errin': 0, 'errout': 0, 'dropin': 0, 'dropout': 0}","(0.22, 0.6, 0.53)"
2026-02-11T18:40:04.825277,32.1,58.2,9.139961242675781,15.698810577392578,66.4,330,"{'bytes_sent': 4797487, 'bytes_recv': 40941299, 'packets_sent': 35456, 'packets_recv': 39329, 'errin': 0, 'errout': 0, 'dropin': 0, 'dropout': 0}","(0.2, 0.59, 0.53)"
2026-02-11T18:40:05.938799,13.1,58.2,9.135536193847656,15.698810577392578,66.4,330,"{'bytes_sent': 4799397, 'bytes_recv': 40974597, 'packets_sent': 35483, 'packets_recv': 39358, 'errin': 0, 'errout': 0, 'dropin': 0, 'dropout': 0}","(0.2, 0.59, 0.53)"
2026-02-11T18:40:07.053027,64.9,58.2,9.132877349853516,15.698810577392578,66.4,330,"{'bytes_sent': 4801095, 'bytes_recv': 41019401, 'packets_sent': 35508, 'packets_recv': 39393, 'errin': 0, 'errout': 0, 'dropin': 0, 'dropout': 0}","(0.2, 0.59, 0.53)"
2026-02-11T18:40:08.175746,52.7,58.2,9.134967803955078,15.698810577392578,66.4,330,"{'bytes_sent': 4803076, 'bytes_recv': 41070173, 'packets_sent': 35538, 'packets_recv': 39435, 'errin': 0, 'errout': 0, 'dropin': 0, 'dropout': 0}","(0.2, 0.59, 0.53)"
2026-02-11T18:40:09.302266,45.2,58.2,9.13772201538086,15.698810577392578,66.4,330,"{'bytes_sent': 4810342, 'bytes_recv': 41177802, 'packets_sent': 35601, 'packets_recv': 39521, 'errin': 0, 'errout': 0, 'dropin': 0, 'dropout': 0}","(0.19, 0.58, 0.52)"
2026-02-11T18:40:10.428191,29.5,58.2,9.136978149414062,15.698810577392578,66.4,330,"{'bytes_sent': 4811862, 'bytes_recv': 41220904, 'packets_sent': 35623, 'packets_recv': 39554, 'errin': 0, 'errout': 0, 'dropin': 0, 'dropout': 0}","(0.19, 0.58, 0.52)"
2026-02-11T18:40:11.556109,85.6,59.0,9.259586334228516,15.698810577392578,66.4,331,"{'bytes_sent': 4812882, 'bytes_recv': 41237462, 'packets_sent': 35637, 'packets_recv': 39568, 'errin': 0, 'errout': 0, 'dropin': 0, 'dropout': 0}","(0.19, 0.58, 0.52)"
2026-02-11T18:40:12.691665,66.7,59.5,9.337772369384766,15.698810577392578,66.4,331,"{'bytes_sent': 4812882, 'bytes_recv': 41237462, 'packets_sent': 35637, 'packets_recv': 39568, 'errin': 0, 'errout': 0, 'dropin': 0, 'dropout': 0}","(0.19, 0.58, 0.52)"
2026-02-11T18:40:13.820103,15.3,59.5,9.333755493164062,15.698810577392578,66.4,331,"{'bytes_sent': 4812882, 'bytes_recv': 41237550, 'packets_sent': 35637, 'packets_recv': 39570, 'errin': 0, 'errout': 0, 'dropin': 0, 'dropout': 0}","(0.19, 0.58, 0.52)"
2026-02-11T18:40:14.937151,37.6,59.4,9.324775695800781,15.698810577392578,66.4,331,"{'bytes_sent': 4813014, 'bytes_recv': 41237640, 'packets_sent': 35639, 'packets_recv': 39571, 'errin': 0, 'errout': 0, 'dropin': 0, 'dropout': 0}","(0.17, 0.58, 0.52)"
2026-02-11T18:40:16.054152,54.8,59.4,9.327346801757812,15.698810577392578,66.4,331,"{'bytes_sent': 4813269, 'bytes_recv': 41238084, 'packets_sent': 35642, 'packets_recv': 39574, 'errin': 0, 'errout': 0, 'dropin': 0, 'dropout': 0}","(0.17, 0.58, 0.52)"
2026-02-11T18:40:17.183449,35.7,59.4,9.32210922241211,15.698810577392578,66.4,331,"{'bytes_sent': 4813379, 'bytes_recv': 41238444, 'packets_sent': 35643, 'packets_recv': 39578, 'errin': 0, 'errout': 0, 'dropin': 0, 'dropout': 0}","(0.17, 0.58, 0.52)"
2026-02-11T18:40:18.326227,67.4,59.4,9.32297134399414,15.698810577392578,66.4,331,"{'bytes_sent': 4820188, 'bytes_recv': 41238852, 'packets_sent': 35655, 'packets_recv': 39582, 'errin': 0, 'errout': 0, 'dropin': 0, 'dropout': 0}","(0.17, 0.58, 0.52)"
2026-02-11T18:40:19.455320,50.6,59.4,9.324455261230469,15.698810577392578,66.4,331,"{'bytes_sent': 4826758, 'bytes_recv': 41239130, 'packets_sent': 35661, 'packets_recv': 39586, 'errin': 0, 'errout': 0, 'dropin': 0, 'dropout': 0}","(0.16, 0.57, 0.52)"
2026-02-11T18:40:20.577769,27.1,59.4,9.32827377319336,15.698810577392578,66.4,331,"{'bytes_sent': 4827093, 'bytes_recv': 41241040, 'packets_sent': 35666, 'packets_recv': 39591, 'errin': 0, 'errout': 0, 'dropin': 0, 'dropout': 0}","(0.16, 0.57, 0.52)"
2026-02-11T18:40:21.722287,27.6,59.4,9.33047866821289,15.698810577392578,66.4,331,"{'bytes_sent': 4829453, 'bytes_recv': 41241255, 'packets_sent': 35676, 'packets_recv': 39594, 'errin': 0, 'errout': 0, 'dropin': 0, 'dropout': 0}","(0.16, 0.57, 0.52)"
2026-02-11T18:40:22.843276,38.1,59.4,9.325916290283203,15.698810577392578,66.4,331,"{'bytes_sent': 4837010, 'bytes_recv': 41242374, 'packets_sent': 35691, 'packets_recv': 39599, 'errin': 0, 'errout': 0, 'dropin': 0, 'dropout': 0}","(0.16, 0.57, 0.52)"
2026-02-11T18:40:23.963535,28.0,59.4,9.325408935546875,15.698810577392578,66.4,331,"{'bytes_sent': 4837238, 'bytes_recv': 41242925, 'packets_sent': 35695, 'packets_recv': 39603, 'errin': 0, 'errout': 0, 'dropin': 0, 'dropout': 0}","(0.16, 0.57, 0.52)"
2026-02-11T18:40:25.095557,30.5,59.4,9.327335357666016,15.698810577392578,66.4,331,"{'bytes_sent': 4841471, 'bytes_recv': 41244666, 'packets_sent': 35712, 'packets_recv': 39616, 'errin': 0, 'errout': 0, 'dropin': 0, 'dropout': 0}","(0.15, 0.56, 0.52)"
2026-02-11T18:40:26.208827,39.3,59.4,9.328422546386719,15.698810577392578,66.4,331,"{'bytes_sent': 4846535, 'bytes_recv': 41245965, 'packets_sent': 35720, 'packets_recv': 39628, 'errin': 0, 'errout': 0, 'dropin': 0, 'dropout': 0}","(0.15, 0.56, 0.52)"
2026-02-11T18:40:27.340955,32.2,59.4,9.326892852783203,15.698810577392578,66.4,331,"{'bytes_sent': 4848031, 'bytes_recv': 41246405, 'packets_sent': 35723, 'packets_recv': 39632, 'errin': 0, 'errout': 0, 'dropin': 0, 'dropout': 0}","(0.15, 0.56, 0.52)"
2026-02-11T18:40:28.458867,27.9,59.4,9.325481414794922,15.698810577392578,66.4,331,"{'bytes_sent': 4853162, 'bytes_recv': 41251779, 'packets_sent': 35733, 'packets_recv': 39642, 'errin': 0, 'errout': 0, 'dropin': 0, 'dropout': 0}","(0.15, 0.56, 0.52)"
2026-02-11T18:40:29.574207,37.5,59.5,9.338699340820312,15.698810577392578,66.4,331,"{'bytes_sent': 4854220, 'bytes_recv': 41255624, 'packets_sent': 35746, 'packets_recv': 39656, 'errin': 0, 'errout': 0, 'dropin': 0, 'dropout': 0}","(0.13, 0.55, 0.51)"
2026-02-11T18:40:30.699176,21.7,59.6,9.350170135498047,15.698810577392578,66.4,331,"{'bytes_sent': 4854560, 'bytes_recv': 41256756, 'packets_sent': 35750, 'packets_recv': 39662, 'errin': 0, 'errout': 0, 'dropin': 0, 'dropout': 0}","(0.13, 0.55, 0.51)"
2026-02-11T18:40:31.825282,22.9,59.6,9.350467681884766,15.698810577392578,66.4,331,"{'bytes_sent': 4855088, 'bytes_recv': 41259528, 'packets_sent': 35756, 'packets_recv': 39669, 'errin': 0, 'errout': 0, 'dropin': 0, 'dropout': 0}","(0.13, 0.55, 0.51)"
2026-02-11T18:40:32.942998,36.1,59.6,9.348896026611328,15.698810577392578,66.4,331,"{'bytes_sent': 4855532, 'bytes_recv': 41266968, 'packets_sent': 35762, 'packets_recv': 39675, 'errin': 0, 'errout': 0, 'dropin': 0, 'dropout': 0}","(0.13, 0.55, 0.51)"
2026-02-11T18:40:34.071822,26.7,59.5,9.34771728515625,15.698810577392578,66.4,331,"{'bytes_sent': 4856004, 'bytes_recv': 41278988, 'packets_sent': 35768, 'packets_recv': 39685, 'errin': 0, 'errout': 0, 'dropin': 0, 'dropout': 0}","(0.12, 0.54, 0.51)"
2026-02-11T18:40:35.185970,40.5,59.6,9.349918365478516,15.698810577392578,66.4,331,"{'bytes_sent': 4859444, 'bytes_recv': 41296129, 'packets_sent': 35797, 'packets_recv': 39715, 'errin': 0, 'errout': 0, 'dropin': 0, 'dropout': 0}","(0.12, 0.54, 0.51)"
2026-02-11T18:40:36.308127,45.3,59.6,9.351516723632812,15.698810577392578,66.4,331,"{'bytes_sent': 4860993, 'bytes_recv': 41308936, 'packets_sent': 35812, 'packets_recv': 39731, 'errin': 0, 'errout': 0, 'dropin': 0, 'dropout': 0}","(0.12, 0.54, 0.51)"
2026-02-11T18:40:37.444560,40.5,59.6,9.349124908447266,15.698810577392578,66.4,331,"{'bytes_sent': 4862394, 'bytes_recv': 41338884, 'packets_sent': 35833, 'packets_recv': 39757, 'errin': 0, 'errout': 0, 'dropin': 0, 'dropout': 0}","(0.12, 0.54, 0.51)"
2026-02-11T18:40:38.574388,30.5,59.6,9.350414276123047,15.698810577392578,66.4,331,"{'bytes_sent': 4863114, 'bytes_recv': 41355210, 'packets_sent': 35843, 'packets_recv': 39770, 'errin': 0, 'errout': 0, 'dropin': 0, 'dropout': 0}","(0.12, 0.54, 0.51)"
2026-02-11T18:40:39.689816,47.4,59.5,9.341026306152344,15.698810577392578,66.4,331,"{'bytes_sent': 4863818, 'bytes_recv': 41378784, 'packets_sent': 35853, 'packets_recv': 39789, 'errin': 0, 'errout': 0, 'dropin': 0, 'dropout': 0}","(0.11, 0.53, 0.51)"
2026-02-11T18:40:40.813222,32.5,59.5,9.340816497802734,15.698810577392578,66.4,330,"{'bytes_sent': 4865262, 'bytes_recv': 41411595, 'packets_sent': 35873, 'packets_recv': 39819, 'errin': 0, 'errout': 0, 'dropin': 0, 'dropout': 0}","(0.11, 0.53, 0.51)"
2026-02-11T18:40:41.926767,14.6,59.5,9.340530395507812,15.698810577392578,66.4,330,"{'bytes_sent': 4866826, 'bytes_recv': 41445081, 'packets_sent': 35895, 'packets_recv': 39859, 'errin': 0, 'errout': 0, 'dropin': 0, 'dropout': 0}","(0.11, 0.53, 0.51)"
2026-02-11T18:40:43.056786,20.3,59.5,9.343059539794922,15.698810577392578,66.4,330,"{'bytes_sent': 4867700, 'bytes_recv': 41458189, 'packets_sent': 35908, 'packets_recv': 39876, 'errin': 0, 'errout': 0, 'dropin': 0, 'dropout': 0}","(0.11, 0.53, 0.51)"
2026-02-11T18:40:44.181840,19.0,59.5,9.341426849365234,15.698810577392578,66.4,330,"{'bytes_sent': 4868664, 'bytes_recv': 41469958, 'packets_sent': 35921, 'packets_recv': 39892, 'errin': 0, 'errout': 0, 'dropin': 0, 'dropout': 0}","(0.1, 0.52, 0.5)"
2026-02-11T18:40:45.297215,7.4,57.1,8.969612121582031,15.698810577392578,66.4,330,"{'bytes_sent': 4869626, 'bytes_recv': 41476347, 'packets_sent': 35933, 'packets_recv': 39906, 'errin': 0, 'errout': 0, 'dropin': 0, 'dropout': 0}","(0.1, 0.52, 0.5)"
2026-02-11T18:40:46.429806,12.0,64.2,10.085014343261719,15.698810577392578,66.4,330,"{'bytes_sent': 4870384, 'bytes_recv': 41480787, 'packets_sent': 35942, 'packets_recv': 39918, 'errin': 0, 'errout': 0, 'dropin': 0, 'dropout': 0}","(0.1, 0.52, 0.5)"
2026-02-11T18:40:47.567564,8.3,67.1,10.529563903808594,15.698810577392578,66.4,330,"{'bytes_sent': 4874445, 'bytes_recv': 41485815, 'packets_sent': 35950, 'packets_recv': 39928, 'errin': 0, 'errout': 0, 'dropin': 0, 'dropout': 0}","(0.1, 0.52, 0.5)"
2026-02-11T18:40:48.691642,10.6,69.6,10.926567077636719,15.698810577392578,66.4,332,"{'bytes_sent': 4876285, 'bytes_recv': 41506168, 'packets_sent': 35973, 'packets_recv': 39964, 'errin': 0, 'errout': 0, 'dropin': 0, 'dropout': 0}","(0.1, 0.52, 0.5)"
2026-02-11T18:40:49.813983,4.5,72.4,11.366653442382812,15.698810577392578,66.4,330,"{'bytes_sent': 4878219, 'bytes_recv': 41536903, 'packets_sent': 35999, 'packets_recv': 39992, 'errin': 0, 'errout': 0, 'dropin': 0, 'dropout': 0}","(0.1, 0.51, 0.5)"
2026-02-11T18:40:50.944145,14.5,75.8,11.903755187988281,15.698810577392578,66.4,332,"{'bytes_sent': 4882663, 'bytes_recv': 41558712, 'packets_sent': 36018, 'packets_recv': 40025, 'errin': 0, 'errout': 0, 'dropin': 0, 'dropout': 0}","(0.1, 0.51, 0.5)"
2026-02-11T18:40:52.056975,13.1,77.1,12.11013412475586,15.698810577392578,66.4,330,"{'bytes_sent': 4886600, 'bytes_recv': 41573870, 'packets_sent': 36037, 'packets_recv': 40062, 'errin': 0, 'errout': 0, 'dropin': 0, 'dropout': 0}","(0.1, 0.51, 0.5)"
2026-02-11T18:40:53.172986,17.6,78.7,12.348529815673828,15.698810577392578,66.4,332,"{'bytes_sent': 4887381, 'bytes_recv': 41583700, 'packets_sent': 36049, 'packets_recv': 40086, 'errin': 0, 'errout': 0, 'dropin': 0, 'dropout': 0}","(0.1, 0.51, 0.5)"
2026-02-11T18:40:54.300335,4.8,80.0,12.562828063964844,15.698810577392578,66.4,330,"{'bytes_sent': 4888960, 'bytes_recv': 41600504, 'packets_sent': 36072, 'packets_recv': 40114, 'errin': 0, 'errout': 0, 'dropin': 0, 'dropout': 0}","(0.09, 0.5, 0.5)"
2026-02-11T18:40:55.414845,13.7,81.1,12.731121063232422,15.698810577392578,66.4,332,"{'bytes_sent': 4890938, 'bytes_recv': 41638377, 'packets_sent': 36101, 'packets_recv': 40155, 'errin': 0, 'errout': 0, 'dropin': 0, 'dropout': 0}","(0.09, 0.5, 0.5)"
2026-02-11T18:40:56.541916,5.9,81.8,12.843891143798828,15.698810577392578,66.4,330,"{'bytes_sent': 4893012, 'bytes_recv': 41684848, 'packets_sent': 36130, 'packets_recv': 40200, 'errin': 0, 'errout': 0, 'dropin': 0, 'dropout': 0}","(0.09, 0.5, 0.5)"
2026-02-11T18:40:57.656827,28.6,82.4,12.931663513183594,15.698810577392578,66.4,332,"{'bytes_sent': 4894776, 'bytes_recv': 41721205, 'packets_sent': 36156, 'packets_recv': 40239, 'errin': 0, 'errout': 0, 'dropin': 0, 'dropout': 0}","(0.09, 0.5, 0.5)"
2026-02-11T18:40:58.785235,14.8,82.3,12.927490234375,15.698810577392578,66.4,330,"{'bytes_sent': 4895994, 'bytes_recv': 41749059, 'packets_sent': 36173, 'packets_recv': 40263, 'errin': 0, 'errout': 0, 'dropin': 0, 'dropout': 0}","(0.09, 0.5, 0.5)"
2026-02-11T18:40:59.918034,21.5,82.4,12.931392669677734,15.698810577392578,66.4,330,"{'bytes_sent': 4897362, 'bytes_recv': 41773728, 'packets_sent': 36191, 'packets_recv': 40284, 'errin': 0, 'errout': 0, 'dropin': 0, 'dropout': 0}","(0.16, 0.51, 0.5)"
2026-02-11T18:41:01.038883,25.9,82.4,12.928489685058594,15.698810577392578,66.4,330,"{'bytes_sent': 4898754, 'bytes_recv': 41797522, 'packets_sent': 36211, 'packets_recv': 40311, 'errin': 0, 'errout': 0, 'dropin': 0, 'dropout': 0}","(0.16, 0.51, 0.5)"
2026-02-11T18:41:02.155880,17.6,82.4,12.930679321289062,15.698810577392578,66.4,330,"{'bytes_sent': 4900713, 'bytes_recv': 41827571, 'packets_sent': 36231, 'packets_recv': 40341, 'errin': 0, 'errout': 0, 'dropin': 0, 'dropout': 0}","(0.16, 0.51, 0.5)"
2026-02-11T18:41:03.269843,19.7,82.3,12.927055358886719,15.698810577392578,66.4,330,"{'bytes_sent': 4905728, 'bytes_recv': 41843361, 'packets_sent': 36255, 'packets_recv': 40355, 'errin': 0, 'errout': 0, 'dropin': 0, 'dropout': 0}","(0.16, 0.51, 0.5)"
2026-02-11T18:41:04.390755,25.9,82.3,12.926319122314453,15.698810577392578,66.4,330,"{'bytes_sent': 4907264, 'bytes_recv': 41843361, 'packets_sent': 36257, 'packets_recv': 40355, 'errin': 0, 'errout': 0, 'dropin': 0, 'dropout': 0}","(0.15, 0.5, 0.5)"
2026-02-11T18:41:05.510729,25.0,82.3,12.9254150390625,15.698810577392578,66.4,330,"{'bytes_sent': 4907348, 'bytes_recv': 41843361, 'packets_sent': 36259, 'packets_recv': 40355, 'errin': 0, 'errout': 0, 'dropin': 0, 'dropout': 0}","(0.15, 0.5, 0.5)"
2026-02-11T18:41:06.625506,17.4,82.3,12.925682067871094,15.698810577392578,66.4,330,"{'bytes_sent': 4908884, 'bytes_recv': 41843361, 'packets_sent': 36261, 'packets_recv': 40355, 'errin': 0, 'errout': 0, 'dropin': 0, 'dropout': 0}","(0.15, 0.5, 0.5)"
2026-02-11T18:41:07.740120,20.5,82.3,12.924934387207031,15.698810577392578,66.4,330,"{'bytes_sent': 4908884, 'bytes_recv': 41843361, 'packets_sent': 36261, 'packets_recv': 40355, 'errin': 0, 'errout': 0, 'dropin': 0, 'dropout': 0}","(0.15, 0.5, 0.5)"
2026-02-11T18:41:08.864540,20.8,82.3,12.92496109008789,15.698810577392578,66.4,330,"{'bytes_sent': 4908884, 'bytes_recv': 41843361, 'packets_sent': 36261, 'packets_recv': 40355, 'errin': 0, 'errout': 0, 'dropin': 0, 'dropout': 0}","(0.15, 0.5, 0.5)"
2026-02-11T18:41:09.981151,25.0,82.3,12.923748016357422,15.698810577392578,66.4,330,"{'bytes_sent': 4908884, 'bytes_recv': 41843361, 'packets_sent': 36261, 'packets_recv': 40355, 'errin': 0, 'errout': 0, 'dropin': 0, 'dropout': 0}","(0.14, 0.49, 0.5)"
2026-02-11T18:41:11.105025,26.3,82.3,12.923095703125,15.698810577392578,66.4,330,"{'bytes_sent': 4910420, 'bytes_recv': 41843403, 'packets_sent': 36263, 'packets_recv': 40356, 'errin': 0, 'errout': 0, 'dropin': 0, 'dropout': 0}","(0.14, 0.49, 0.5)"
2026-02-11T18:41:12.231831,16.7,82.3,12.92258071899414,15.698810577392578,66.4,330,"{'bytes_sent': 4910420, 'bytes_recv': 41843403, 'packets_sent': 36263, 'packets_recv': 40356, 'errin': 0, 'errout': 0, 'dropin': 0, 'dropout': 0}","(0.14, 0.49, 0.5)"
2026-02-11T18:41:13.348760,15.1,82.3,12.92166519165039,15.698810577392578,66.4,330,"{'bytes_sent': 4910462, 'bytes_recv': 41843403, 'packets_sent': 36264, 'packets_recv': 40356, 'errin': 0, 'errout': 0, 'dropin': 0, 'dropout': 0}","(0.14, 0.49, 0.5)"
2026-02-11T18:41:14.467097,13.1,82.3,12.920764923095703,15.698810577392578,66.4,330,"{'bytes_sent': 4910546, 'bytes_recv': 41843403, 'packets_sent': 36266, 'packets_recv': 40356, 'errin': 0, 'errout': 0, 'dropin': 0, 'dropout': 0}","(0.21, 0.5, 0.5)"
2026-02-11T18:41:15.590334,28.2,82.3,12.924209594726562,15.698810577392578,66.4,330,"{'bytes_sent': 4910546, 'bytes_recv': 41843403, 'packets_sent': 36266, 'packets_recv': 40356, 'errin': 0, 'errout': 0, 'dropin': 0, 'dropout': 0}","(0.21, 0.5, 0.5)"
2026-02-11T18:41:16.710515,25.0,82.3,12.921039581298828,15.698810577392578,66.4,330,"{'bytes_sent': 4910546, 'bytes_recv': 41843403, 'packets_sent': 36266, 'packets_recv': 40356, 'errin': 0, 'errout': 0, 'dropin': 0, 'dropout': 0}","(0.21, 0.5, 0.5)"
2026-02-11T18:41:17.837588,20.2,82.3,12.917858123779297,15.698810577392578,66.4,330,"{'bytes_sent': 4914136, 'bytes_recv': 41843403, 'packets_sent': 36268, 'packets_recv': 40356, 'errin': 0, 'errout': 0, 'dropin': 0, 'dropout': 0}","(0.21, 0.5, 0.5)"
2026-02-11T18:41:18.965723,23.5,82.3,12.915462493896484,15.698810577392578,66.4,330,"{'bytes_sent': 4917096, 'bytes_recv': 41843403, 'packets_sent': 36270, 'packets_recv': 40356, 'errin': 0, 'errout': 0, 'dropin': 0, 'dropout': 0}","(0.21, 0.5, 0.5)"
2026-02-11T18:41:20.080056,17.9,82.3,12.915695190429688,15.698810577392578,66.4,330,"{'bytes_sent': 4918562, 'bytes_recv': 41843403, 'packets_sent': 36271, 'packets_recv': 40356, 'errin': 0, 'errout': 0, 'dropin': 0, 'dropout': 0}","(0.19, 0.49, 0.5)"
2026-02-11T18:41:21.193762,20.9,82.3,12.921920776367188,15.698810577392578,66.4,330,"{'bytes_sent': 4918562, 'bytes_recv': 41843449, 'packets_sent': 36271, 'packets_recv': 40357, 'errin': 0, 'errout': 0, 'dropin': 0, 'dropout': 0}","(0.19, 0.49, 0.5)"
2026-02-11T18:41:22.316007,23.5,82.3,12.920825958251953,15.698810577392578,66.4,330,"{'bytes_sent': 4922928, 'bytes_recv': 41846035, 'packets_sent': 36284, 'packets_recv': 40371, 'errin': 0, 'errout': 0, 'dropin': 0, 'dropout': 0}","(0.19, 0.49, 0.5)"
2026-02-11T18:41:23.437134,19.0,82.3,12.918590545654297,15.698810577392578,66.4,330,"{'bytes_sent': 4923013, 'bytes_recv': 41849526, 'packets_sent': 36285, 'packets_recv': 40382, 'errin': 0, 'errout': 0, 'dropin': 0, 'dropout': 0}","(0.19, 0.49, 0.5)"
2026-02-11T18:41:24.550262,23.5,82.3,12.919597625732422,15.698810577392578,66.4,330,"{'bytes_sent': 4924629, 'bytes_recv': 41850155, 'packets_sent': 36287, 'packets_recv': 40389, 'errin': 0, 'errout': 0, 'dropin': 0, 'dropout': 0}","(0.17, 0.49, 0.49)"
2026-02-11T18:41:25.664998,24.4,82.3,12.918197631835938,15.698810577392578,66.4,330,"{'bytes_sent': 4924773, 'bytes_recv': 41850794, 'packets_sent': 36289, 'packets_recv': 40393, 'errin': 0, 'errout': 0, 'dropin': 0, 'dropout': 0}","(0.17, 0.49, 0.49)"
2026-02-11T18:41:26.792665,23.4,82.3,12.918956756591797,15.698810577392578,66.4,330,"{'bytes_sent': 4926699, 'bytes_recv': 41856841, 'packets_sent': 36314, 'packets_recv': 40423, 'errin': 0, 'errout': 0, 'dropin': 0, 'dropout': 0}","(0.17, 0.49, 0.49)"
2026-02-11T18:41:27.906547,25.0,82.3,12.917911529541016,15.698810577392578,66.4,330,"{'bytes_sent': 4927890, 'bytes_recv': 41862388, 'packets_sent': 36330, 'packets_recv': 40443, 'errin': 0, 'errout': 0, 'dropin': 0, 'dropout': 0}","(0.17, 0.49, 0.49)"
2026-02-11T18:41:29.031228,36.5,82.3,12.918087005615234,15.698810577392578,66.4,330,"{'bytes_sent': 4934808, 'bytes_recv': 41872665, 'packets_sent': 36347, 'packets_recv': 40471, 'errin': 0, 'errout': 0, 'dropin': 0, 'dropout': 0}","(0.17, 0.49, 0.49)"
2026-02-11T18:41:30.154379,20.9,82.3,12.91707992553711,15.698810577392578,66.4,330,"{'bytes_sent': 4935298, 'bytes_recv': 41877531, 'packets_sent': 36353, 'packets_recv': 40481, 'errin': 0, 'errout': 0, 'dropin': 0, 'dropout': 0}","(0.16, 0.48, 0.49)"
2026-02-11T18:41:31.272959,17.7,82.3,12.917388916015625,15.698810577392578,66.4,330,"{'bytes_sent': 4935903, 'bytes_recv': 41883573, 'packets_sent': 36361, 'packets_recv': 40496, 'errin': 0, 'errout': 0, 'dropin': 0, 'dropout': 0}","(0.16, 0.48, 0.49)"
2026-02-11T18:41:32.390583,16.5,82.3,12.916839599609375,15.698810577392578,66.4,330,"{'bytes_sent': 4936239, 'bytes_recv': 41885021, 'packets_sent': 36365, 'packets_recv': 40500, 'errin': 0, 'errout': 0, 'dropin': 0, 'dropout': 0}","(0.16, 0.48, 0.49)"
2026-02-11T18:41:33.503958,13.8,82.3,12.916351318359375,15.698810577392578,66.4,330,"{'bytes_sent': 4936779, 'bytes_recv': 41896924, 'packets_sent': 36373, 'packets_recv': 40517, 'errin': 0, 'errout': 0, 'dropin': 0, 'dropout': 0}","(0.16, 0.48, 0.49)"
2026-02-11T18:41:34.617689,35.9,82.3,12.915199279785156,15.698810577392578,66.4,330,"{'bytes_sent': 4937175, 'bytes_recv': 41903860, 'packets_sent': 36379, 'packets_recv': 40524, 'errin': 0, 'errout': 0, 'dropin': 0, 'dropout': 0}","(0.15, 0.47, 0.49)"
2026-02-11T18:41:35.731109,19.0,82.3,12.91556167602539,15.698810577392578,66.4,330,"{'bytes_sent': 4937497, 'bytes_recv': 41912032, 'packets_sent': 36384, 'packets_recv': 40538, 'errin': 0, 'errout': 0, 'dropin': 0, 'dropout': 0}","(0.15, 0.47, 0.49)"
2026-02-11T18:41:36.844945,24.7,82.3,12.915931701660156,15.698810577392578,66.4,330,"{'bytes_sent': 4938811, 'bytes_recv': 41942160, 'packets_sent': 36403, 'packets_recv': 40576, 'errin': 0, 'errout': 0, 'dropin': 0, 'dropout': 0}","(0.15, 0.47, 0.49)"
2026-02-11T18:41:37.957286,17.6,82.3,12.91607666015625,15.698810577392578,66.4,330,"{'bytes_sent': 4940412, 'bytes_recv': 41967989, 'packets_sent': 36425, 'packets_recv': 40604, 'errin': 0, 'errout': 0, 'dropin': 0, 'dropout': 0}","(0.15, 0.47, 0.49)"
2026-02-11T18:41:39.072301,19.0,82.3,12.914741516113281,15.698810577392578,66.4,330,"{'bytes_sent': 4942770, 'bytes_recv': 42022492, 'packets_sent': 36460, 'packets_recv': 40662, 'errin': 0, 'errout': 0, 'dropin': 0, 'dropout': 0}","(0.15, 0.47, 0.49)"
2026-02-11T18:41:40.182259,27.4,82.3,12.914047241210938,15.698810577392578,66.4,330,"{'bytes_sent': 4946004, 'bytes_recv': 42101942, 'packets_sent': 36505, 'packets_recv': 40729, 'errin': 0, 'errout': 0, 'dropin': 0, 'dropout': 0}","(0.14, 0.46, 0.49)"
2026-02-11T18:41:41.296990,9.1,82.3,12.913463592529297,15.698810577392578,66.4,330,"{'bytes_sent': 4947760, 'bytes_recv': 42131278, 'packets_sent': 36523, 'packets_recv': 40760, 'errin': 0, 'errout': 0, 'dropin': 0, 'dropout': 0}","(0.14, 0.46, 0.49)"
2026-02-11T18:41:42.411897,21.2,82.3,12.925849914550781,15.698810577392578,66.4,330,"{'bytes_sent': 4950955, 'bytes_recv': 42148050, 'packets_sent': 36540, 'packets_recv': 40782, 'errin': 0, 'errout': 0, 'dropin': 0, 'dropout': 0}","(0.14, 0.46, 0.49)"
2026-02-11T18:41:43.525363,22.6,82.3,12.925201416015625,15.698810577392578,66.4,330,"{'bytes_sent': 4951913, 'bytes_recv': 42172917, 'packets_sent': 36553, 'packets_recv': 40807, 'errin': 0, 'errout': 0, 'dropin': 0, 'dropout': 0}","(0.14, 0.46, 0.49)"
2026-02-11T18:41:44.639444,16.7,82.3,12.927909851074219,15.698810577392578,66.4,330,"{'bytes_sent': 4953017, 'bytes_recv': 42201115, 'packets_sent': 36569, 'packets_recv': 40830, 'errin': 0, 'errout': 0, 'dropin': 0, 'dropout': 0}","(0.12, 0.46, 0.48)"
2026-02-11T18:41:45.761061,22.4,82.3,12.926532745361328,15.698810577392578,66.4,330,"{'bytes_sent': 4953951, 'bytes_recv': 42227434, 'packets_sent': 36582, 'packets_recv': 40851, 'errin': 0, 'errout': 0, 'dropin': 0, 'dropout': 0}","(0.12, 0.46, 0.48)"
2026-02-11T18:41:46.877157,16.5,82.3,12.927288055419922,15.698810577392578,66.4,330,"{'bytes_sent': 4955687, 'bytes_recv': 42262167, 'packets_sent': 36607, 'packets_recv': 40889, 'errin': 0, 'errout': 0, 'dropin': 0, 'dropout': 0}","(0.12, 0.46, 0.48)"
2026-02-11T18:41:47.999677,20.2,82.3,12.9266357421875,15.698810577392578,66.4,330,"{'bytes_sent': 4960574, 'bytes_recv': 42285232, 'packets_sent': 36626, 'packets_recv': 40919, 'errin': 0, 'errout': 0, 'dropin': 0, 'dropout': 0}","(0.12, 0.46, 0.48)"
2026-02-11T18:41:49.129999,13.6,82.3,12.926620483398438,15.698810577392578,66.4,330,"{'bytes_sent': 4961182, 'bytes_recv': 42297671, 'packets_sent': 36634, 'packets_recv': 40931, 'errin': 0, 'errout': 0, 'dropin': 0, 'dropout': 0}","(0.12, 0.46, 0.48)"
2026-02-11T18:41:50.245364,20.2,82.3,12.923042297363281,15.698810577392578,66.4,330,"{'bytes_sent': 4961536, 'bytes_recv': 42310435, 'packets_sent': 36639, 'packets_recv': 40942, 'errin': 0, 'errout': 0, 'dropin': 0, 'dropout': 0}","(0.11, 0.45, 0.48)"
2026-02-11T18:41:51.359486,23.8,82.3,12.9222412109375,15.698810577392578,66.4,330,"{'bytes_sent': 4962890, 'bytes_recv': 42347529, 'packets_sent': 36658, 'packets_recv': 40974, 'errin': 0, 'errout': 0, 'dropin': 0, 'dropout': 0}","(0.11, 0.45, 0.48)"
2026-02-11T18:41:52.480859,10.7,82.3,12.918807983398438,15.698810577392578,66.4,330,"{'bytes_sent': 4965180, 'bytes_recv': 42411041, 'packets_sent': 36689, 'packets_recv': 41032, 'errin': 0, 'errout': 0, 'dropin': 0, 'dropout': 0}","(0.11, 0.45, 0.48)"
2026-02-11T18:41:53.610255,30.8,82.3,12.917598724365234,15.698810577392578,66.4,330,"{'bytes_sent': 4966812, 'bytes_recv': 42471021, 'packets_sent': 36713, 'packets_recv': 41076, 'errin': 0, 'errout': 0, 'dropin': 0, 'dropout': 0}","(0.11, 0.45, 0.48)"
2026-02-11T18:41:54.724382,32.4,82.3,12.91628646850586,15.698810577392578,66.4,330,"{'bytes_sent': 4968358, 'bytes_recv': 42500874, 'packets_sent': 36734, 'packets_recv': 41103, 'errin': 0, 'errout': 0, 'dropin': 0, 'dropout': 0}","(0.11, 0.44, 0.48)"
2026-02-11T18:41:55.853080,20.9,82.3,12.915771484375,15.698810577392578,66.4,330,"{'bytes_sent': 4969108, 'bytes_recv': 42530796, 'packets_sent': 36745, 'packets_recv': 41135, 'errin': 0, 'errout': 0, 'dropin': 0, 'dropout': 0}","(0.11, 0.44, 0.48)"
2026-02-11T18:41:56.968221,20.2,82.3,12.915946960449219,15.698810577392578,66.4,330,"{'bytes_sent': 4969954, 'bytes_recv': 42551478, 'packets_sent': 36756, 'packets_recv': 41152, 'errin': 0, 'errout': 0, 'dropin': 0, 'dropout': 0}","(0.11, 0.44, 0.48)"
2026-02-11T18:41:58.090154,22.6,82.3,12.91583251953125,15.698810577392578,66.4,330,"{'bytes_sent': 4970452, 'bytes_recv': 42567555, 'packets_sent': 36763, 'packets_recv': 41167, 'errin': 0, 'errout': 0, 'dropin': 0, 'dropout': 0}","(0.11, 0.44, 0.48)"
2026-02-11T18:41:59.220984,10.7,82.3,12.913288116455078,15.698810577392578,66.4,330,"{'bytes_sent': 4971772, 'bytes_recv': 42596763, 'packets_sent': 36777, 'packets_recv': 41193, 'errin': 0, 'errout': 0, 'dropin': 0, 'dropout': 0}","(0.18, 0.45, 0.48)"
2026-02-11T18:42:00.340596,22.4,82.3,12.9150390625,15.698810577392578,66.4,330,"{'bytes_sent': 4972542, 'bytes_recv': 42617218, 'packets_sent': 36788, 'packets_recv': 41210, 'errin': 0, 'errout': 0, 'dropin': 0, 'dropout': 0}","(0.18, 0.45, 0.48)"
2026-02-11T18:42:01.458383,26.2,82.3,12.914608001708984,15.698810577392578,66.4,330,"{'bytes_sent': 4973426, 'bytes_recv': 42636942, 'packets_sent': 36800, 'packets_recv': 41227, 'errin': 0, 'errout': 0, 'dropin': 0, 'dropout': 0}","(0.18, 0.45, 0.48)"
2026-02-11T18:42:02.586781,13.1,82.3,12.913436889648438,15.698810577392578,66.4,330,"{'bytes_sent': 4974002, 'bytes_recv': 42649073, 'packets_sent': 36808, 'packets_recv': 41237, 'errin': 0, 'errout': 0, 'dropin': 0, 'dropout': 0}","(0.18, 0.45, 0.48)"
2026-02-11T18:42:03.704814,18.9,82.3,12.912567138671875,15.698810577392578,66.4,330,"{'bytes_sent': 4974742, 'bytes_recv': 42670241, 'packets_sent': 36818, 'packets_recv': 41255, 'errin': 0, 'errout': 0, 'dropin': 0, 'dropout': 0}","(0.18, 0.45, 0.48)"
2026-02-11T18:42:04.832914,24.1,82.3,12.91257095336914,15.698810577392578,66.4,330,"{'bytes_sent': 4975208, 'bytes_recv': 42676832, 'packets_sent': 36824, 'packets_recv': 41265, 'errin': 0, 'errout': 0, 'dropin': 0, 'dropout': 0}","(0.16, 0.44, 0.48)"
2026-02-11T18:42:05.946547,19.8,82.2,12.911884307861328,15.698810577392578,66.4,332,"{'bytes_sent': 4976076, 'bytes_recv': 42686297, 'packets_sent': 36834, 'packets_recv': 41275, 'errin': 0, 'errout': 0, 'dropin': 0, 'dropout': 0}","(0.16, 0.44, 0.48)"
2026-02-11T18:42:07.063139,40.5,82.2,12.911396026611328,15.698810577392578,66.4,330,"{'bytes_sent': 4977137, 'bytes_recv': 42703824, 'packets_sent': 36848, 'packets_recv': 41298, 'errin': 0, 'errout': 0, 'dropin': 0, 'dropout': 0}","(0.16, 0.44, 0.48)"
2026-02-11T18:42:08.181156,24.4,82.3,12.913883209228516,15.698810577392578,66.4,332,"{'bytes_sent': 4977984, 'bytes_recv': 42728474, 'packets_sent': 36861, 'packets_recv': 41320, 'errin': 0, 'errout': 0, 'dropin': 0, 'dropout': 0}","(0.16, 0.44, 0.48)"
2026-02-11T18:42:09.297070,21.2,82.2,12.910697937011719,15.698810577392578,66.4,330,"{'bytes_sent': 4980104, 'bytes_recv': 42764968, 'packets_sent': 36885, 'packets_recv': 41349, 'errin': 0, 'errout': 0, 'dropin': 0, 'dropout': 0}","(0.15, 0.43, 0.48)"
2026-02-11T18:42:10.424766,29.8,82.3,12.912582397460938,15.698810577392578,66.4,332,"{'bytes_sent': 4985218, 'bytes_recv': 42848551, 'packets_sent': 36954, 'packets_recv': 41441, 'errin': 0, 'errout': 0, 'dropin': 0, 'dropout': 0}","(0.15, 0.43, 0.48)"
2026-02-11T18:42:11.545506,20.2,82.2,12.90988540649414,15.698810577392578,66.4,330,"{'bytes_sent': 4987642, 'bytes_recv': 42921370, 'packets_sent': 36990, 'packets_recv': 41500, 'errin': 0, 'errout': 0, 'dropin': 0, 'dropout': 0}","(0.15, 0.43, 0.48)"
2026-02-11T18:42:12.659302,22.6,82.3,12.912727355957031,15.698810577392578,66.4,332,"{'bytes_sent': 4993542, 'bytes_recv': 43014901, 'packets_sent': 37066, 'packets_recv': 41600, 'errin': 0, 'errout': 0, 'dropin': 0, 'dropout': 0}","(0.15, 0.43, 0.48)"
2026-02-11T18:42:13.785834,25.7,82.2,12.907272338867188,15.698810577392578,66.4,330,"{'bytes_sent': 4996756, 'bytes_recv': 43092474, 'packets_sent': 37107, 'packets_recv': 41678, 'errin': 0, 'errout': 0, 'dropin': 0, 'dropout': 0}","(0.15, 0.43, 0.48)"
2026-02-11T18:42:14.911762,18.5,82.2,12.909893035888672,15.698810577392578,66.4,332,"{'bytes_sent': 4998560, 'bytes_recv': 43127078, 'packets_sent': 37131, 'packets_recv': 41702, 'errin': 0, 'errout': 0, 'dropin': 0, 'dropout': 0}","(0.14, 0.43, 0.47)"
2026-02-11T18:42:16.033222,25.3,82.2,12.905662536621094,15.698810577392578,66.4,330,"{'bytes_sent': 4999815, 'bytes_recv': 43151135, 'packets_sent': 37148, 'packets_recv': 41731, 'errin': 0, 'errout': 0, 'dropin': 0, 'dropout': 0}","(0.14, 0.43, 0.47)"
2026-02-11T18:42:17.157841,29.1,82.2,12.906742095947266,15.698810577392578,66.4,330,"{'bytes_sent': 5001453, 'bytes_recv': 43196968, 'packets_sent': 37171, 'packets_recv': 41765, 'errin': 0, 'errout': 0, 'dropin': 0, 'dropout': 0}","(0.14, 0.43, 0.47)"
2026-02-11T18:42:18.270825,13.0,82.2,12.903114318847656,15.698810577392578,66.4,330,"{'bytes_sent': 5006083, 'bytes_recv': 43225683, 'packets_sent': 37188, 'packets_recv': 41798, 'errin': 0, 'errout': 0, 'dropin': 0, 'dropout': 0}","(0.14, 0.43, 0.47)"
2026-02-11T18:42:19.384881,23.8,82.2,12.902313232421875,15.698810577392578,66.4,330,"{'bytes_sent': 5007349, 'bytes_recv': 43268679, 'packets_sent': 37207, 'packets_recv': 41833, 'errin': 0, 'errout': 0, 'dropin': 0, 'dropout': 0}","(0.13, 0.42, 0.47)"
2026-02-11T18:42:20.515608,23.6,82.2,12.901866912841797,15.698810577392578,66.4,330,"{'bytes_sent': 5007937, 'bytes_recv': 43282607, 'packets_sent': 37215, 'packets_recv': 41845, 'errin': 0, 'errout': 0, 'dropin': 0, 'dropout': 0}","(0.13, 0.42, 0.47)"
2026-02-11T18:42:21.641741,28.6,82.2,12.901947021484375,15.698810577392578,66.4,330,"{'bytes_sent': 5008181, 'bytes_recv': 43284583, 'packets_sent': 37219, 'packets_recv': 41849, 'errin': 0, 'errout': 0, 'dropin': 0, 'dropout': 0}","(0.13, 0.42, 0.47)"
2026-02-11T18:42:22.758750,14.3,82.2,12.901863098144531,15.698810577392578,66.4,330,"{'bytes_sent': 5009415, 'bytes_recv': 43308036, 'packets_sent': 37236, 'packets_recv': 41866, 'errin': 0, 'errout': 0, 'dropin': 0, 'dropout': 0}","(0.13, 0.42, 0.47)"
2026-02-11T18:42:23.881532,20.8,82.2,12.90118408203125,15.698810577392578,66.4,330,"{'bytes_sent': 5010184, 'bytes_recv': 43326549, 'packets_sent': 37248, 'packets_recv': 41887, 'errin': 0, 'errout': 0, 'dropin': 0, 'dropout': 0}","(0.13, 0.42, 0.47)"
2026-02-11T18:42:24.993107,17.6,82.2,12.899688720703125,15.698810577392578,66.4,330,"{'bytes_sent': 5011536, 'bytes_recv': 43349505, 'packets_sent': 37265, 'packets_recv': 41908, 'errin': 0, 'errout': 0, 'dropin': 0, 'dropout': 0}","(0.12, 0.41, 0.47)"
2026-02-11T18:42:26.115386,17.7,82.2,12.899227142333984,15.698810577392578,66.4,330,"{'bytes_sent': 5012900, 'bytes_recv': 43371301, 'packets_sent': 37285, 'packets_recv': 41929, 'errin': 0, 'errout': 0, 'dropin': 0, 'dropout': 0}","(0.12, 0.41, 0.47)"
2026-02-11T18:42:27.229671,20.0,82.2,12.899566650390625,15.698810577392578,66.4,330,"{'bytes_sent': 5013320, 'bytes_recv': 43384856, 'packets_sent': 37291, 'packets_recv': 41944, 'errin': 0, 'errout': 0, 'dropin': 0, 'dropout': 0}","(0.12, 0.41, 0.47)"
2026-02-11T18:42:28.354448,23.8,82.2,12.898048400878906,15.698810577392578,66.4,330,"{'bytes_sent': 5013782, 'bytes_recv': 43393943, 'packets_sent': 37298, 'packets_recv': 41952, 'errin': 0, 'errout': 0, 'dropin': 0, 'dropout': 0}","(0.12, 0.41, 0.47)"
2026-02-11T18:42:29.468648,38.1,82.1,12.895694732666016,15.698810577392578,66.4,330,"{'bytes_sent': 5014148, 'bytes_recv': 43400175, 'packets_sent': 37303, 'packets_recv': 41958, 'errin': 0, 'errout': 0, 'dropin': 0, 'dropout': 0}","(0.11, 0.41, 0.46)"
2026-02-11T18:42:30.596729,19.0,82.1,12.896011352539062,15.698810577392578,66.4,330,"{'bytes_sent': 5014258, 'bytes_recv': 43403323, 'packets_sent': 37304, 'packets_recv': 41965, 'errin': 0, 'errout': 0, 'dropin': 0, 'dropout': 0}","(0.11, 0.41, 0.46)"
2026-02-11T18:42:31.711997,31.2,82.1,12.89547348022461,15.698810577392578,66.4,330,"{'bytes_sent': 5014555, 'bytes_recv': 43404833, 'packets_sent': 37308, 'packets_recv': 41966, 'errin': 0, 'errout': 0, 'dropin': 0, 'dropout': 0}","(0.11, 0.41, 0.46)"
2026-02-11T18:42:32.825875,22.6,82.1,12.895339965820312,15.698810577392578,66.4,329,"{'bytes_sent': 5014633, 'bytes_recv': 43406343, 'packets_sent': 37309, 'packets_recv': 41967, 'errin': 0, 'errout': 0, 'dropin': 0, 'dropout': 0}","(0.11, 0.41, 0.46)"
2026-02-11T18:42:33.952194,33.3,82.5,12.955223083496094,15.698810577392578,66.4,331,"{'bytes_sent': 5015244, 'bytes_recv': 43408113, 'packets_sent': 37318, 'packets_recv': 41971, 'errin': 0, 'errout': 0, 'dropin': 0, 'dropout': 0}","(0.11, 0.41, 0.46)"
2026-02-11T18:42:35.068474,23.0,82.5,12.95071792602539,15.698810577392578,66.4,331,"{'bytes_sent': 5027906, 'bytes_recv': 43441665, 'packets_sent': 37356, 'packets_recv': 42025, 'errin': 0, 'errout': 0, 'dropin': 0, 'dropout': 0}","(0.1, 0.4, 0.46)"
2026-02-11T18:42:36.181865,21.7,82.5,12.958629608154297,15.698810577392578,66.4,331,"{'bytes_sent': 5033074, 'bytes_recv': 43473374, 'packets_sent': 37391, 'packets_recv': 42069, 'errin': 0, 'errout': 0, 'dropin': 0, 'dropout': 0}","(0.1, 0.4, 0.46)"
2026-02-11T18:42:37.296820,34.1,82.4,12.942668914794922,15.698810577392578,66.4,331,"{'bytes_sent': 5034220, 'bytes_recv': 43482140, 'packets_sent': 37402, 'packets_recv': 42081, 'errin': 0, 'errout': 0, 'dropin': 0, 'dropout': 0}","(0.1, 0.4, 0.46)"
2026-02-11T18:42:38.410175,21.2,82.5,12.944950103759766,15.698810577392578,66.4,331,"{'bytes_sent': 5034484, 'bytes_recv': 43488974, 'packets_sent': 37406, 'packets_recv': 42091, 'errin': 0, 'errout': 0, 'dropin': 0, 'dropout': 0}","(0.1, 0.4, 0.46)"
2026-02-11T18:42:39.523722,25.6,82.4,12.94058609008789,15.698810577392578,66.4,331,"{'bytes_sent': 5035104, 'bytes_recv': 43496100, 'packets_sent': 37414, 'packets_recv': 42104, 'errin': 0, 'errout': 0, 'dropin': 0, 'dropout': 0}","(0.09, 0.39, 0.46)"
2026-02-11T18:42:40.633834,40.0,82.4,12.935474395751953,15.698810577392578,66.4,330,"{'bytes_sent': 5036250, 'bytes_recv': 43527422, 'packets_sent': 37431, 'packets_recv': 42126, 'errin': 0, 'errout': 0, 'dropin': 0, 'dropout': 0}","(0.09, 0.39, 0.46)"
2026-02-11T18:42:41.756981,19.4,82.4,12.931926727294922,15.698810577392578,66.4,330,"{'bytes_sent': 5036844, 'bytes_recv': 43541113, 'packets_sent': 37440, 'packets_recv': 42138, 'errin': 0, 'errout': 0, 'dropin': 0, 'dropout': 0}","(0.09, 0.39, 0.46)"
2026-02-11T18:42:42.878214,26.4,82.4,12.930233001708984,15.698810577392578,66.4,330,"{'bytes_sent': 5037900, 'bytes_recv': 43571991, 'packets_sent': 37456, 'packets_recv': 42166, 'errin': 0, 'errout': 0, 'dropin': 0, 'dropout': 0}","(0.09, 0.39, 0.46)"
2026-02-11T18:42:43.992226,36.2,82.4,12.929405212402344,15.698810577392578,66.4,330,"{'bytes_sent': 5038494, 'bytes_recv': 43600355, 'packets_sent': 37465, 'packets_recv': 42187, 'errin': 0, 'errout': 0, 'dropin': 0, 'dropout': 0}","(0.09, 0.39, 0.46)"
2026-02-11T18:42:45.105289,9.4,82.7,12.983154296875,15.698810577392578,66.4,330,"{'bytes_sent': 5038758, 'bytes_recv': 43606841, 'packets_sent': 37469, 'packets_recv': 42195, 'errin': 0, 'errout': 0, 'dropin': 0, 'dropout': 0}","(0.08, 0.39, 0.46)"
2026-02-11T18:42:46.247201,26.0,94.9,14.89743423461914,15.698810577392578,66.4,330,"{'bytes_sent': 5040316, 'bytes_recv': 43609718, 'packets_sent': 37487, 'packets_recv': 42197, 'errin': 0, 'errout': 0, 'dropin': 0, 'dropout': 0}","(0.08, 0.39, 0.46)"
2026-02-11T18:42:47.363330,31.9,93.7,14.708332061767578,15.698810577392578,66.4,330,"{'bytes_sent': 5040316, 'bytes_recv': 43611908, 'packets_sent': 37487, 'packets_recv': 42203, 'errin': 0, 'errout': 0, 'dropin': 0, 'dropout': 0}","(0.08, 0.39, 0.46)"
2026-02-11T18:42:48.478435,31.5,93.5,14.679611206054688,15.698810577392578,66.4,330,"{'bytes_sent': 5045734, 'bytes_recv': 43617005, 'packets_sent': 37494, 'packets_recv': 42212, 'errin': 0, 'errout': 0, 'dropin': 0, 'dropout': 0}","(0.08, 0.39, 0.46)"
2026-02-11T18:42:49.592327,33.3,93.5,14.675079345703125,15.698810577392578,66.4,330,"{'bytes_sent': 5045866, 'bytes_recv': 43618673, 'packets_sent': 37496, 'packets_recv': 42215, 'errin': 0, 'errout': 0, 'dropin': 0, 'dropout': 0}","(0.16, 0.4, 0.46)"
2026-02-11T18:42:50.716475,26.6,93.5,14.684196472167969,15.698810577392578,66.4,330,"{'bytes_sent': 5045986, 'bytes_recv': 43619584, 'packets_sent': 37497, 'packets_recv': 42218, 'errin': 0, 'errout': 0, 'dropin': 0, 'dropout': 0}","(0.16, 0.4, 0.46)"
2026-02-11T18:42:51.831593,26.3,93.6,14.687980651855469,15.698810577392578,66.4,330,"{'bytes_sent': 5046040, 'bytes_recv': 43619800, 'packets_sent': 37498, 'packets_recv': 42220, 'errin': 0, 'errout': 0, 'dropin': 0, 'dropout': 0}","(0.16, 0.4, 0.46)"
2026-02-11T18:42:52.944621,22.8,93.6,14.686542510986328,15.698810577392578,66.4,330,"{'bytes_sent': 5046219, 'bytes_recv': 43619800, 'packets_sent': 37500, 'packets_recv': 42220, 'errin': 0, 'errout': 0, 'dropin': 0, 'dropout': 0}","(0.16, 0.4, 0.46)"
2026-02-11T18:42:54.058204,10.7,93.5,14.685325622558594,15.698810577392578,66.4,330,"{'bytes_sent': 5046858, 'bytes_recv': 43620598, 'packets_sent': 37509, 'packets_recv': 42228, 'errin': 0, 'errout': 0, 'dropin': 0, 'dropout': 0}","(0.16, 0.4, 0.46)"
2026-02-11T18:42:55.172481,32.5,93.5,14.6839599609375,15.698810577392578,66.4,330,"{'bytes_sent': 5047068, 'bytes_recv': 43630271, 'packets_sent': 37512, 'packets_recv': 42239, 'errin': 0, 'errout': 0, 'dropin': 0, 'dropout': 0}","(0.14, 0.39, 0.46)"
2026-02-11T18:42:56.287113,35.1,93.5,14.682552337646484,15.698810577392578,66.4,330,"{'bytes_sent': 5047617, 'bytes_recv': 43636371, 'packets_sent': 37519, 'packets_recv': 42244, 'errin': 0, 'errout': 0, 'dropin': 0, 'dropout': 0}","(0.14, 0.39, 0.46)"
2026-02-11T18:42:57.400389,22.8,93.5,14.685157775878906,15.698810577392578,66.4,330,"{'bytes_sent': 5049067, 'bytes_recv': 43645877, 'packets_sent': 37530, 'packets_recv': 42256, 'errin': 0, 'errout': 0, 'dropin': 0, 'dropout': 0}","(0.14, 0.39, 0.46)"
2026-02-11T18:42:58.544928,29.5,93.5,14.6837158203125,15.698810577392578,66.4,330,"{'bytes_sent': 5051095, 'bytes_recv': 43675000, 'packets_sent': 37558, 'packets_recv': 42291, 'errin': 0, 'errout': 0, 'dropin': 0, 'dropout': 0}","(0.14, 0.39, 0.46)"
2026-02-11T18:42:59.665680,21.4,93.5,14.683685302734375,15.698810577392578,66.4,330,"{'bytes_sent': 5051476, 'bytes_recv': 43680195, 'packets_sent': 37563, 'packets_recv': 42302, 'errin': 0, 'errout': 0, 'dropin': 0, 'dropout': 0}","(0.13, 0.38, 0.45)"
2026-02-11T18:43:00.785153,16.2,93.5,14.68414306640625,15.698810577392578,66.4,330,"{'bytes_sent': 5051998, 'bytes_recv': 43686208, 'packets_sent': 37570, 'packets_recv': 42311, 'errin': 0, 'errout': 0, 'dropin': 0, 'dropout': 0}","(0.13, 0.38, 0.45)"
2026-02-11T18:43:01.898280,17.9,93.5,14.683979034423828,15.698810577392578,66.4,330,"{'bytes_sent': 5052670, 'bytes_recv': 43699417, 'packets_sent': 37580, 'packets_recv': 42326, 'errin': 0, 'errout': 0, 'dropin': 0, 'dropout': 0}","(0.13, 0.38, 0.45)"
2026-02-11T18:43:03.011536,27.1,93.5,14.683303833007812,15.698810577392578,66.4,330,"{'bytes_sent': 5053744, 'bytes_recv': 43714307, 'packets_sent': 37595, 'packets_recv': 42343, 'errin': 0, 'errout': 0, 'dropin': 0, 'dropout': 0}","(0.13, 0.38, 0.45)"
2026-02-11T18:43:04.126093,14.3,93.4,14.660858154296875,15.698810577392578,66.4,329,"{'bytes_sent': 5053744, 'bytes_recv': 43714307, 'packets_sent': 37595, 'packets_recv': 42343, 'errin': 0, 'errout': 0, 'dropin': 0, 'dropout': 0}","(0.13, 0.38, 0.45)"
2026-02-11T18:43:05.239653,30.6,93.4,14.656074523925781,15.698810577392578,66.4,329,"{'bytes_sent': 5055166, 'bytes_recv': 43736201, 'packets_sent': 37614, 'packets_recv': 42372, 'errin': 0, 'errout': 0, 'dropin': 0, 'dropout': 0}","(0.12, 0.38, 0.45)"
2026-02-11T18:43:06.352780,25.0,93.3,14.652595520019531,15.698810577392578,66.4,329,"{'bytes_sent': 5055654, 'bytes_recv': 43738201, 'packets_sent': 37620, 'packets_recv': 42375, 'errin': 0, 'errout': 0, 'dropin': 0, 'dropout': 0}","(0.12, 0.38, 0.45)"
2026-02-11T18:43:07.466381,27.4,93.3,14.647838592529297,15.698810577392578,66.4,329,"{'bytes_sent': 5055654, 'bytes_recv': 43738201, 'packets_sent': 37620, 'packets_recv': 42375, 'errin': 0, 'errout': 0, 'dropin': 0, 'dropout': 0}","(0.12, 0.38, 0.45)"
2026-02-11T18:43:08.592699,20.5,93.3,14.646411895751953,15.698810577392578,66.4,329,"{'bytes_sent': 5055885, 'bytes_recv': 43739878, 'packets_sent': 37623, 'packets_recv': 42378, 'errin': 0, 'errout': 0, 'dropin': 0, 'dropout': 0}","(0.12, 0.38, 0.45)"
2026-02-11T18:43:09.710416,18.1,93.3,14.64504623413086,15.698810577392578,66.4,329,"{'bytes_sent': 5056207, 'bytes_recv': 43741373, 'packets_sent': 37627, 'packets_recv': 42381, 'errin': 0, 'errout': 0, 'dropin': 0, 'dropout': 0}","(0.11, 0.37, 0.45)"
2026-02-11T18:43:10.820548,34.2,93.3,14.645343780517578,15.698810577392578,66.4,329,"{'bytes_sent': 5056389, 'bytes_recv': 43741373, 'packets_sent': 37629, 'packets_recv': 42381, 'errin': 0, 'errout': 0, 'dropin': 0, 'dropout': 0}","(0.11, 0.37, 0.45)"
2026-02-11T18:43:11.942733,11.4,93.4,14.660652160644531,15.698810577392578,66.4,329,"{'bytes_sent': 5056941, 'bytes_recv': 43746159, 'packets_sent': 37637, 'packets_recv': 42390, 'errin': 0, 'errout': 0, 'dropin': 0, 'dropout': 0}","(0.11, 0.37, 0.45)"
2026-02-11T18:43:13.064069,22.4,93.3,14.651435852050781,15.698810577392578,66.4,329,"{'bytes_sent': 5057231, 'bytes_recv': 43748770, 'packets_sent': 37640, 'packets_recv': 42398, 'errin': 0, 'errout': 0, 'dropin': 0, 'dropout': 0}","(0.11, 0.37, 0.45)"
2026-02-11T18:43:14.190582,8.3,93.4,14.655887603759766,15.698810577392578,66.4,329,"{'bytes_sent': 5057639, 'bytes_recv': 43756076, 'packets_sent': 37646, 'packets_recv': 42410, 'errin': 0, 'errout': 0, 'dropin': 0, 'dropout': 0}","(0.11, 0.37, 0.45)"
2026-02-11T18:43:15.303361,14.8,93.3,14.649360656738281,15.698810577392578,66.4,329,"{'bytes_sent': 5057933, 'bytes_recv': 43757824, 'packets_sent': 37649, 'packets_recv': 42412, 'errin': 0, 'errout': 0, 'dropin': 0, 'dropout': 0}","(0.26, 0.4, 0.46)"
2026-02-11T18:43:16.421358,33.8,93.3,14.647506713867188,15.698810577392578,66.4,329,"{'bytes_sent': 5057933, 'bytes_recv': 43757824, 'packets_sent': 37649, 'packets_recv': 42412, 'errin': 0, 'errout': 0, 'dropin': 0, 'dropout': 0}","(0.26, 0.4, 0.46)"
2026-02-11T18:43:17.549137,24.7,93.3,14.645824432373047,15.698810577392578,66.4,329,"{'bytes_sent': 5060572, 'bytes_recv': 43765340, 'packets_sent': 37655, 'packets_recv': 42424, 'errin': 0, 'errout': 0, 'dropin': 0, 'dropout': 0}","(0.26, 0.4, 0.46)"
2026-02-11T18:43:18.664210,33.7,93.3,14.646961212158203,15.698810577392578,66.4,331,"{'bytes_sent': 5068875, 'bytes_recv': 43780199, 'packets_sent': 37682, 'packets_recv': 42452, 'errin': 0, 'errout': 0, 'dropin': 0, 'dropout': 0}","(0.26, 0.4, 0.46)"
2026-02-11T18:43:19.788742,23.8,93.3,14.6463623046875,15.698810577392578,66.4,329,"{'bytes_sent': 5070665, 'bytes_recv': 43798042, 'packets_sent': 37706, 'packets_recv': 42484, 'errin': 0, 'errout': 0, 'dropin': 0, 'dropout': 0}","(0.24, 0.39, 0.46)"
2026-02-11T18:43:20.903824,23.8,93.3,14.651611328125,15.698810577392578,66.4,331,"{'bytes_sent': 5070931, 'bytes_recv': 43798362, 'packets_sent': 37709, 'packets_recv': 42486, 'errin': 0, 'errout': 0, 'dropin': 0, 'dropout': 0}","(0.24, 0.39, 0.46)"
2026-02-11T18:43:22.024248,29.1,93.3,14.646366119384766,15.698810577392578,66.4,329,"{'bytes_sent': 5070931, 'bytes_recv': 43799962, 'packets_sent': 37709, 'packets_recv': 42488, 'errin': 0, 'errout': 0, 'dropin': 0, 'dropout': 0}","(0.24, 0.39, 0.46)"
2026-02-11T18:43:23.146354,16.5,93.3,14.649227142333984,15.698810577392578,66.4,331,"{'bytes_sent': 5071575, 'bytes_recv': 43810589, 'packets_sent': 37717, 'packets_recv': 42505, 'errin': 0, 'errout': 0, 'dropin': 0, 'dropout': 0}","(0.24, 0.39, 0.46)"
2026-02-11T18:43:24.261130,15.5,93.3,14.645763397216797,15.698810577392578,66.4,329,"{'bytes_sent': 5072303, 'bytes_recv': 43818501, 'packets_sent': 37727, 'packets_recv': 42515, 'errin': 0, 'errout': 0, 'dropin': 0, 'dropout': 0}","(0.24, 0.39, 0.46)"
2026-02-11T18:43:25.380955,18.2,93.3,14.647682189941406,15.698810577392578,66.4,331,"{'bytes_sent': 5072855, 'bytes_recv': 43828826, 'packets_sent': 37735, 'packets_recv': 42527, 'errin': 0, 'errout': 0, 'dropin': 0, 'dropout': 0}","(0.22, 0.39, 0.45)"
2026-02-11T18:43:26.504575,18.7,93.3,14.644290924072266,15.698810577392578,66.4,329,"{'bytes_sent': 5074049, 'bytes_recv': 43846619, 'packets_sent': 37752, 'packets_recv': 42551, 'errin': 0, 'errout': 0, 'dropin': 0, 'dropout': 0}","(0.22, 0.39, 0.45)"
2026-02-11T18:43:27.617126,32.9,93.3,14.644363403320312,15.698810577392578,66.4,329,"{'bytes_sent': 5074653, 'bytes_recv': 43859581, 'packets_sent': 37760, 'packets_recv': 42570, 'errin': 0, 'errout': 0, 'dropin': 0, 'dropout': 0}","(0.22, 0.39, 0.45)"
2026-02-11T18:43:28.731727,19.0,93.3,14.643993377685547,15.698810577392578,66.4,329,"{'bytes_sent': 5075229, 'bytes_recv': 43864733, 'packets_sent': 37768, 'packets_recv': 42580, 'errin': 0, 'errout': 0, 'dropin': 0, 'dropout': 0}","(0.22, 0.39, 0.45)"
2026-02-11T18:43:29.854244,24.2,93.3,14.643745422363281,15.698810577392578,66.4,329,"{'bytes_sent': 5076117, 'bytes_recv': 43872902, 'packets_sent': 37780, 'packets_recv': 42591, 'errin': 0, 'errout': 0, 'dropin': 0, 'dropout': 0}","(0.21, 0.38, 0.45)"
2026-02-11T18:43:30.970545,12.7,93.3,14.643974304199219,15.698810577392578,66.4,329,"{'bytes_sent': 5077237, 'bytes_recv': 43883176, 'packets_sent': 37796, 'packets_recv': 42608, 'errin': 0, 'errout': 0, 'dropin': 0, 'dropout': 0}","(0.21, 0.38, 0.45)"
2026-02-11T18:43:32.084554,33.3,93.3,14.643829345703125,15.698810577392578,66.4,329,"{'bytes_sent': 5081299, 'bytes_recv': 43887126, 'packets_sent': 37802, 'packets_recv': 42614, 'errin': 0, 'errout': 0, 'dropin': 0, 'dropout': 0}","(0.21, 0.38, 0.45)"
2026-02-11T18:43:33.198014,34.6,93.3,14.643573760986328,15.698810577392578,66.4,329,"{'bytes_sent': 5084959, 'bytes_recv': 43890445, 'packets_sent': 37808, 'packets_recv': 42618, 'errin': 0, 'errout': 0, 'dropin': 0, 'dropout': 0}","(0.21, 0.38, 0.45)"
2026-02-11T18:43:34.311486,21.6,93.3,14.64426040649414,15.698810577392578,66.4,329,"{'bytes_sent': 5086449, 'bytes_recv': 43890724, 'packets_sent': 37809, 'packets_recv': 42619, 'errin': 0, 'errout': 0, 'dropin': 0, 'dropout': 0}","(0.21, 0.38, 0.45)"
2026-02-11T18:43:35.432838,42.9,93.3,14.643630981445312,15.698810577392578,66.4,329,"{'bytes_sent': 5088083, 'bytes_recv': 43890724, 'packets_sent': 37812, 'packets_recv': 42619, 'errin': 0, 'errout': 0, 'dropin': 0, 'dropout': 0}","(0.19, 0.37, 0.45)"
2026-02-11T18:43:36.554032,25.3,93.3,14.649173736572266,15.698810577392578,66.4,329,"{'bytes_sent': 5088958, 'bytes_recv': 43898227, 'packets_sent': 37817, 'packets_recv': 42630, 'errin': 0, 'errout': 0, 'dropin': 0, 'dropout': 0}","(0.19, 0.37, 0.45)"
2026-02-11T18:43:37.665964,31.8,93.3,14.6461181640625,15.698810577392578,66.4,329,"{'bytes_sent': 5090448, 'bytes_recv': 43898503, 'packets_sent': 37818, 'packets_recv': 42631, 'errin': 0, 'errout': 0, 'dropin': 0, 'dropout': 0}","(0.19, 0.37, 0.45)"
2026-02-11T18:43:38.782137,26.6,93.3,14.646614074707031,15.698810577392578,66.4,329,"{'bytes_sent': 5093322, 'bytes_recv': 43898549, 'packets_sent': 37822, 'packets_recv': 42632, 'errin': 0, 'errout': 0, 'dropin': 0, 'dropout': 0}","(0.19, 0.37, 0.45)"
2026-02-11T18:43:39.911961,19.8,93.3,14.646358489990234,15.698810577392578,66.4,329,"{'bytes_sent': 5096740, 'bytes_recv': 43898549, 'packets_sent': 37828, 'packets_recv': 42632, 'errin': 0, 'errout': 0, 'dropin': 0, 'dropout': 0}","(0.25, 0.38, 0.45)"
2026-02-11T18:43:41.037191,20.7,93.3,14.645092010498047,15.698810577392578,66.4,328,"{'bytes_sent': 5097749, 'bytes_recv': 43898549, 'packets_sent': 37837, 'packets_recv': 42632, 'errin': 0, 'errout': 0, 'dropin': 0, 'dropout': 0}","(0.25, 0.38, 0.45)"
2026-02-11T18:43:42.166953,26.2,93.3,14.6458740234375,15.698810577392578,66.4,328,"{'bytes_sent': 5101492, 'bytes_recv': 43898801, 'packets_sent': 37844, 'packets_recv': 42635, 'errin': 0, 'errout': 0, 'dropin': 0, 'dropout': 0}","(0.25, 0.38, 0.45)"
2026-02-11T18:43:43.280505,32.2,93.3,14.65285873413086,15.698810577392578,66.4,328,"{'bytes_sent': 5101979, 'bytes_recv': 43898801, 'packets_sent': 37848, 'packets_recv': 42635, 'errin': 0, 'errout': 0, 'dropin': 0, 'dropout': 0}","(0.25, 0.38, 0.45)"
2026-02-11T18:43:44.395529,18.8,93.4,14.657524108886719,15.698810577392578,66.4,328,"{'bytes_sent': 5102407, 'bytes_recv': 43913073, 'packets_sent': 37854, 'packets_recv': 42654, 'errin': 0, 'errout': 0, 'dropin': 0, 'dropout': 0}","(0.23, 0.38, 0.45)"
2026-02-11T18:43:45.519619,34.2,93.3,14.652320861816406,15.698810577392578,66.4,328,"{'bytes_sent': 5103181, 'bytes_recv': 43914351, 'packets_sent': 37863, 'packets_recv': 42662, 'errin': 0, 'errout': 0, 'dropin': 0, 'dropout': 0}","(0.23, 0.38, 0.45)"
2026-02-11T18:43:46.638896,23.1,93.3,14.651168823242188,15.698810577392578,66.4,328,"{'bytes_sent': 5103775, 'bytes_recv': 43917516, 'packets_sent': 37870, 'packets_recv': 42671, 'errin': 0, 'errout': 0, 'dropin': 0, 'dropout': 0}","(0.23, 0.38, 0.45)"
2026-02-11T18:43:47.753137,30.2,93.3,14.64725112915039,15.698810577392578,66.4,328,"{'bytes_sent': 5104833, 'bytes_recv': 43923270, 'packets_sent': 37879, 'packets_recv': 42682, 'errin': 0, 'errout': 0, 'dropin': 0, 'dropout': 0}","(0.23, 0.38, 0.45)"
2026-02-11T18:43:48.865204,33.3,93.3,14.643993377685547,15.698810577392578,66.4,328,"{'bytes_sent': 5111888, 'bytes_recv': 43934724, 'packets_sent': 37890, 'packets_recv': 42729, 'errin': 0, 'errout': 0, 'dropin': 0, 'dropout': 0}","(0.23, 0.38, 0.45)"
2026-02-11T18:43:49.979400,21.4,93.3,14.64303207397461,15.698810577392578,66.4,328,"{'bytes_sent': 5112464, 'bytes_recv': 43942878, 'packets_sent': 37898, 'packets_recv': 42743, 'errin': 0, 'errout': 0, 'dropin': 0, 'dropout': 0}","(0.21, 0.37, 0.45)"
2026-02-11T18:43:51.105966,15.4,93.3,14.646923065185547,15.698810577392578,66.4,328,"{'bytes_sent': 5117696, 'bytes_recv': 43964290, 'packets_sent': 37923, 'packets_recv': 42775, 'errin': 0, 'errout': 0, 'dropin': 0, 'dropout': 0}","(0.21, 0.37, 0.45)"
2026-02-11T18:43:52.219291,26.9,93.3,14.650157928466797,15.698810577392578,66.4,328,"{'bytes_sent': 5118004, 'bytes_recv': 43971806, 'packets_sent': 37927, 'packets_recv': 42784, 'errin': 0, 'errout': 0, 'dropin': 0, 'dropout': 0}","(0.21, 0.37, 0.45)"
2026-02-11T18:43:53.341421,16.7,93.3,14.648021697998047,15.698810577392578,66.4,328,"{'bytes_sent': 5123404, 'bytes_recv': 43987323, 'packets_sent': 37947, 'packets_recv': 42806, 'errin': 0, 'errout': 0, 'dropin': 0, 'dropout': 0}","(0.21, 0.37, 0.45)"
2026-02-11T18:43:54.455173,17.8,93.3,14.646575927734375,15.698810577392578,66.4,328,"{'bytes_sent': 5125635, 'bytes_recv': 43998581, 'packets_sent': 37960, 'packets_recv': 42819, 'errin': 0, 'errout': 0, 'dropin': 0, 'dropout': 0}","(0.28, 0.38, 0.45)"
2026-02-11T18:43:55.576063,27.4,93.3,14.64508056640625,15.698810577392578,66.4,328,"{'bytes_sent': 5126183, 'bytes_recv': 44010906, 'packets_sent': 37968, 'packets_recv': 42834, 'errin': 0, 'errout': 0, 'dropin': 0, 'dropout': 0}","(0.28, 0.38, 0.45)"
2026-02-11T18:43:56.692135,24.1,93.3,14.643070220947266,15.698810577392578,66.4,328,"{'bytes_sent': 5128773, 'bytes_recv': 44030605, 'packets_sent': 37984, 'packets_recv': 42856, 'errin': 0, 'errout': 0, 'dropin': 0, 'dropout': 0}","(0.28, 0.38, 0.45)"
2026-02-11T18:43:57.803696,26.0,93.3,14.641372680664062,15.698810577392578,66.4,328,"{'bytes_sent': 5130810, 'bytes_recv': 44054256, 'packets_sent': 38010, 'packets_recv': 42890, 'errin': 0, 'errout': 0, 'dropin': 0, 'dropout': 0}","(0.28, 0.38, 0.45)"
2026-02-11T18:43:58.917953,33.7,93.3,14.640155792236328,15.698810577392578,66.4,328,"{'bytes_sent': 5131804, 'bytes_recv': 44074924, 'packets_sent': 38021, 'packets_recv': 42917, 'errin': 0, 'errout': 0, 'dropin': 0, 'dropout': 0}","(0.28, 0.38, 0.45)"
2026-02-11T18:44:00.046974,24.4,93.3,14.640117645263672,15.698810577392578,66.4,328,"{'bytes_sent': 5132862, 'bytes_recv': 44104929, 'packets_sent': 38034, 'packets_recv': 42970, 'errin': 0, 'errout': 0, 'dropin': 0, 'dropout': 0}","(0.26, 0.37, 0.45)"
2026-02-11T18:44:01.171970,11.0,93.3,14.645179748535156,15.698810577392578,66.4,328,"{'bytes_sent': 5136405, 'bytes_recv': 44120819, 'packets_sent': 38054, 'packets_recv': 43002, 'errin': 0, 'errout': 0, 'dropin': 0, 'dropout': 0}","(0.26, 0.37, 0.45)"
2026-02-11T18:44:02.286125,18.4,93.3,14.643890380859375,15.698810577392578,66.4,328,"{'bytes_sent': 5137014, 'bytes_recv': 44130173, 'packets_sent': 38062, 'packets_recv': 43013, 'errin': 0, 'errout': 0, 'dropin': 0, 'dropout': 0}","(0.26, 0.37, 0.45)"
2026-02-11T18:44:03.401380,23.3,93.3,14.643306732177734,15.698810577392578,66.4,328,"{'bytes_sent': 5137410, 'bytes_recv': 44135515, 'packets_sent': 38068, 'packets_recv': 43018, 'errin': 0, 'errout': 0, 'dropin': 0, 'dropout': 0}","(0.26, 0.37, 0.45)"
2026-02-11T18:44:04.513557,22.4,93.3,14.642799377441406,15.698810577392578,66.4,328,"{'bytes_sent': 5137689, 'bytes_recv': 44144221, 'packets_sent': 38072, 'packets_recv': 43033, 'errin': 0, 'errout': 0, 'dropin': 0, 'dropout': 0}","(0.23, 0.37, 0.44)"
2026-02-11T18:44:05.627357,18.1,93.3,14.643486022949219,15.698810577392578,66.4,328,"{'bytes_sent': 5142991, 'bytes_recv': 44165804, 'packets_sent': 38087, 'packets_recv': 43062, 'errin': 0, 'errout': 0, 'dropin': 0, 'dropout': 0}","(0.23, 0.37, 0.44)"
2026-02-11T18:44:06.752562,16.5,93.3,14.642402648925781,15.698810577392578,66.4,328,"{'bytes_sent': 5146827, 'bytes_recv': 44192072, 'packets_sent': 38121, 'packets_recv': 43103, 'errin': 0, 'errout': 0, 'dropin': 0, 'dropout': 0}","(0.23, 0.37, 0.44)"
2026-02-11T18:44:07.870629,11.0,93.3,14.643241882324219,15.698810577392578,66.4,328,"{'bytes_sent': 5148996, 'bytes_recv': 44201736, 'packets_sent': 38135, 'packets_recv': 43121, 'errin': 0, 'errout': 0, 'dropin': 0, 'dropout': 0}","(0.23, 0.37, 0.44)"
2026-02-11T18:44:08.984825,35.6,93.3,14.642314910888672,15.698810577392578,66.4,328,"{'bytes_sent': 5150882, 'bytes_recv': 44221056, 'packets_sent': 38154, 'packets_recv': 43146, 'errin': 0, 'errout': 0, 'dropin': 0, 'dropout': 0}","(0.23, 0.37, 0.44)"
2026-02-11T18:44:10.113977,27.5,93.3,14.64208984375,15.698810577392578,66.4,328,"{'bytes_sent': 5151038, 'bytes_recv': 44225159, 'packets_sent': 38156, 'packets_recv': 43155, 'errin': 0, 'errout': 0, 'dropin': 0, 'dropout': 0}","(0.22, 0.36, 0.44)"
2026-02-11T18:44:11.224196,39.2,93.3,14.641765594482422,15.698810577392578,66.4,328,"{'bytes_sent': 5151168, 'bytes_recv': 44225329, 'packets_sent': 38157, 'packets_recv': 43156, 'errin': 0, 'errout': 0, 'dropin': 0, 'dropout': 0}","(0.22, 0.36, 0.44)"
2026-02-11T18:44:12.337654,14.1,93.3,14.642227172851562,15.698810577392578,66.4,328,"{'bytes_sent': 5151168, 'bytes_recv': 44225666, 'packets_sent': 38157, 'packets_recv': 43158, 'errin': 0, 'errout': 0, 'dropin': 0, 'dropout': 0}","(0.22, 0.36, 0.44)"
2026-02-11T18:44:13.451903,24.4,93.3,14.642097473144531,15.698810577392578,66.4,328,"{'bytes_sent': 5151168, 'bytes_recv': 44225666, 'packets_sent': 38157, 'packets_recv': 43158, 'errin': 0, 'errout': 0, 'dropin': 0, 'dropout': 0}","(0.22, 0.36, 0.44)"
2026-02-11T18:44:14.565357,30.6,93.3,14.643875122070312,15.698810577392578,66.4,328,"{'bytes_sent': 5151312, 'bytes_recv': 44237645, 'packets_sent': 38159, 'packets_recv': 43178, 'errin': 0, 'errout': 0, 'dropin': 0, 'dropout': 0}","(0.2, 0.36, 0.44)"
2026-02-11T18:44:15.679140,40.7,93.3,14.643836975097656,15.698810577392578,66.4,328,"{'bytes_sent': 5152388, 'bytes_recv': 44246791, 'packets_sent': 38167, 'packets_recv': 43188, 'errin': 0, 'errout': 0, 'dropin': 0, 'dropout': 0}","(0.2, 0.36, 0.44)"
2026-02-11T18:44:16.794492,28.2,93.3,14.645729064941406,15.698810577392578,66.4,328,"{'bytes_sent': 5153162, 'bytes_recv': 44261848, 'packets_sent': 38178, 'packets_recv': 43206, 'errin': 0, 'errout': 0, 'dropin': 0, 'dropout': 0}","(0.2, 0.36, 0.44)"
2026-02-11T18:44:17.921323,20.5,93.3,14.644596099853516,15.698810577392578,66.4,328,"{'bytes_sent': 5153516, 'bytes_recv': 44263898, 'packets_sent': 38183, 'packets_recv': 43210, 'errin': 0, 'errout': 0, 'dropin': 0, 'dropout': 0}","(0.2, 0.36, 0.44)"
2026-02-11T18:44:19.037897,21.2,93.3,14.644599914550781,15.698810577392578,66.4,328,"{'bytes_sent': 5153594, 'bytes_recv': 44270225, 'packets_sent': 38184, 'packets_recv': 43220, 'errin': 0, 'errout': 0, 'dropin': 0, 'dropout': 0}","(0.2, 0.36, 0.44)"
2026-02-11T18:44:20.164639,22.2,93.3,14.644832611083984,15.698810577392578,66.4,328,"{'bytes_sent': 5153594, 'bytes_recv': 44272388, 'packets_sent': 38184, 'packets_recv': 43228, 'errin': 0, 'errout': 0, 'dropin': 0, 'dropout': 0}","(0.18, 0.35, 0.44)"
2026-02-11T18:44:21.279468,34.6,93.3,14.646656036376953,15.698810577392578,66.4,328,"{'bytes_sent': 5157091, 'bytes_recv': 44272986, 'packets_sent': 38185, 'packets_recv': 43232, 'errin': 0, 'errout': 0, 'dropin': 0, 'dropout': 0}","(0.18, 0.35, 0.44)"
2026-02-11T18:44:22.389910,11.4,93.3,14.646514892578125,15.698810577392578,66.4,328,"{'bytes_sent': 5157184, 'bytes_recv': 44275995, 'packets_sent': 38186, 'packets_recv': 43245, 'errin': 0, 'errout': 0, 'dropin': 0, 'dropout': 0}","(0.18, 0.35, 0.44)"
2026-02-11T18:44:23.515336,15.4,93.3,14.652503967285156,15.698810577392578,66.4,328,"{'bytes_sent': 5160578, 'bytes_recv': 44284618, 'packets_sent': 38195, 'packets_recv': 43256, 'errin': 0, 'errout': 0, 'dropin': 0, 'dropout': 0}","(0.18, 0.35, 0.44)"
2026-02-11T18:44:24.633274,22.4,93.3,14.650947570800781,15.698810577392578,66.4,330,"{'bytes_sent': 5161685, 'bytes_recv': 44289245, 'packets_sent': 38201, 'packets_recv': 43270, 'errin': 0, 'errout': 0, 'dropin': 0, 'dropout': 0}","(0.17, 0.34, 0.43)"
2026-02-11T18:44:25.745942,23.3,93.3,14.65041732788086,15.698810577392578,66.4,328,"{'bytes_sent': 5162076, 'bytes_recv': 44289322, 'packets_sent': 38206, 'packets_recv': 43271, 'errin': 0, 'errout': 0, 'dropin': 0, 'dropout': 0}","(0.17, 0.34, 0.43)"
2026-02-11T18:44:26.859555,21.8,93.3,14.652778625488281,15.698810577392578,66.4,330,"{'bytes_sent': 5162076, 'bytes_recv': 44290922, 'packets_sent': 38206, 'packets_recv': 43273, 'errin': 0, 'errout': 0, 'dropin': 0, 'dropout': 0}","(0.17, 0.34, 0.43)"
2026-02-11T18:44:27.972172,24.7,93.3,14.650028228759766,15.698810577392578,66.4,328,"{'bytes_sent': 5163681, 'bytes_recv': 44293988, 'packets_sent': 38221, 'packets_recv': 43280, 'errin': 0, 'errout': 0, 'dropin': 0, 'dropout': 0}","(0.17, 0.34, 0.43)"
2026-02-11T18:44:29.086491,45.2,93.3,14.650901794433594,15.698810577392578,66.4,330,"{'bytes_sent': 5165186, 'bytes_recv': 44295758, 'packets_sent': 38239, 'packets_recv': 43284, 'errin': 0, 'errout': 0, 'dropin': 0, 'dropout': 0}","(0.17, 0.34, 0.43)"
2026-02-11T18:44:30.200797,30.1,93.3,14.648120880126953,15.698810577392578,66.4,328,"{'bytes_sent': 5165436, 'bytes_recv': 44298614, 'packets_sent': 38242, 'packets_recv': 43292, 'errin': 0, 'errout': 0, 'dropin': 0, 'dropout': 0}","(0.15, 0.34, 0.43)"
2026-02-11T18:44:31.325044,47.1,93.6,14.691230773925781,15.698810577392578,66.4,332,"{'bytes_sent': 5165581, 'bytes_recv': 44298614, 'packets_sent': 38244, 'packets_recv': 43292, 'errin': 0, 'errout': 0, 'dropin': 0, 'dropout': 0}","(0.15, 0.34, 0.43)"
2026-02-11T18:44:32.448565,34.1,93.7,14.705345153808594,15.698810577392578,66.4,330,"{'bytes_sent': 5165581, 'bytes_recv': 44298614, 'packets_sent': 38244, 'packets_recv': 43292, 'errin': 0, 'errout': 0, 'dropin': 0, 'dropout': 0}","(0.15, 0.34, 0.43)"
2026-02-11T18:44:33.562821,54.9,93.8,14.720680236816406,15.698810577392578,66.4,332,"{'bytes_sent': 5165581, 'bytes_recv': 44298614, 'packets_sent': 38244, 'packets_recv': 43292, 'errin': 0, 'errout': 0, 'dropin': 0, 'dropout': 0}","(0.15, 0.34, 0.43)"
2026-02-11T18:44:34.701262,47.1,93.8,14.728302001953125,15.698810577392578,66.4,330,"{'bytes_sent': 5165678, 'bytes_recv': 44298614, 'packets_sent': 38246, 'packets_recv': 43292, 'errin': 0, 'errout': 0, 'dropin': 0, 'dropout': 0}","(0.14, 0.33, 0.43)"
2026-02-11T18:44:35.830412,53.5,93.9,14.741016387939453,15.698810577392578,66.4,333,"{'bytes_sent': 5165720, 'bytes_recv': 44298614, 'packets_sent': 38247, 'packets_recv': 43292, 'errin': 0, 'errout': 0, 'dropin': 0, 'dropout': 0}","(0.14, 0.33, 0.43)"
2026-02-11T18:44:36.968795,24.1,93.8,14.731170654296875,15.698810577392578,66.4,331,"{'bytes_sent': 5166127, 'bytes_recv': 44299964, 'packets_sent': 38253, 'packets_recv': 43301, 'errin': 0, 'errout': 0, 'dropin': 0, 'dropout': 0}","(0.14, 0.33, 0.43)"
2026-02-11T18:44:38.088926,39.4,93.9,14.738666534423828,15.698810577392578,66.4,333,"{'bytes_sent': 5167510, 'bytes_recv': 44311480, 'packets_sent': 38267, 'packets_recv': 43318, 'errin': 0, 'errout': 0, 'dropin': 0, 'dropout': 0}","(0.14, 0.33, 0.43)"
2026-02-11T18:44:39.219820,29.8,93.9,14.740612030029297,15.698810577392578,66.4,331,"{'bytes_sent': 5169779, 'bytes_recv': 44314685, 'packets_sent': 38279, 'packets_recv': 43334, 'errin': 0, 'errout': 0, 'dropin': 0, 'dropout': 0}","(0.14, 0.33, 0.43)"
2026-02-11T18:44:40.349657,35.3,93.9,14.746021270751953,15.698810577392578,66.4,333,"{'bytes_sent': 5170718, 'bytes_recv': 44315567, 'packets_sent': 38293, 'packets_recv': 43347, 'errin': 0, 'errout': 0, 'dropin': 0, 'dropout': 0}","(0.13, 0.33, 0.43)"
2026-02-11T18:44:41.473721,32.9,93.8,14.73211669921875,15.698810577392578,66.4,331,"{'bytes_sent': 5171498, 'bytes_recv': 44316207, 'packets_sent': 38297, 'packets_recv': 43354, 'errin': 0, 'errout': 0, 'dropin': 0, 'dropout': 0}","(0.13, 0.33, 0.43)"
2026-02-11T18:44:42.598320,19.5,93.9,14.742950439453125,15.698810577392578,66.4,333,"{'bytes_sent': 5172858, 'bytes_recv': 44319607, 'packets_sent': 38309, 'packets_recv': 43365, 'errin': 0, 'errout': 0, 'dropin': 0, 'dropout': 0}","(0.13, 0.33, 0.43)"
2026-02-11T18:44:43.734358,30.8,93.6,14.68701171875,15.698810577392578,66.4,331,"{'bytes_sent': 5174705, 'bytes_recv': 44323706, 'packets_sent': 38321, 'packets_recv': 43374, 'errin': 0, 'errout': 0, 'dropin': 0, 'dropout': 0}","(0.13, 0.33, 0.43)"
2026-02-11T18:44:44.863903,21.1,83.4,13.086185455322266,15.698810577392578,66.4,333,"{'bytes_sent': 5175143, 'bytes_recv': 44326410, 'packets_sent': 38328, 'packets_recv': 43382, 'errin': 0, 'errout': 0, 'dropin': 0, 'dropout': 0}","(0.12, 0.32, 0.43)"
2026-02-11T18:44:46.005152,23.5,82.5,12.95083236694336,15.698810577392578,66.4,331,"{'bytes_sent': 5175534, 'bytes_recv': 44326589, 'packets_sent': 38331, 'packets_recv': 43384, 'errin': 0, 'errout': 0, 'dropin': 0, 'dropout': 0}","(0.12, 0.32, 0.43)"
2026-02-11T18:44:47.137501,40.0,81.8,12.838691711425781,15.698810577392578,66.4,333,"{'bytes_sent': 5175588, 'bytes_recv': 44326589, 'packets_sent': 38332, 'packets_recv': 43384, 'errin': 0, 'errout': 0, 'dropin': 0, 'dropout': 0}","(0.12, 0.32, 0.43)"
2026-02-11T18:44:48.266981,23.3,81.6,12.812980651855469,15.698810577392578,66.4,331,"{'bytes_sent': 5176084, 'bytes_recv': 44326589, 'packets_sent': 38335, 'packets_recv': 43384, 'errin': 0, 'errout': 0, 'dropin': 0, 'dropout': 0}","(0.12, 0.32, 0.43)"
2026-02-11T18:44:49.407198,12.9,82.0,12.876834869384766,15.698810577392578,66.4,331,"{'bytes_sent': 5176150, 'bytes_recv': 44326589, 'packets_sent': 38336, 'packets_recv': 43384, 'errin': 0, 'errout': 0, 'dropin': 0, 'dropout': 0}","(0.19, 0.33, 0.43)"
2026-02-11T18:44:51.370108,4.8,56.6,8.889713287353516,15.698810577392578,66.4,331,"{'bytes_sent': 5177916, 'bytes_recv': 44332794, 'packets_sent': 38350, 'packets_recv': 43400, 'errin': 0, 'errout': 0, 'dropin': 0, 'dropout': 0}","(0.19, 0.33, 0.43)"
2026-02-11T18:44:52.502800,8.3,57.7,9.061431884765625,15.698810577392578,66.4,331,"{'bytes_sent': 5178846, 'bytes_recv': 44333208, 'packets_sent': 38356, 'packets_recv': 43405, 'errin': 0, 'errout': 0, 'dropin': 0, 'dropout': 0}","(0.19, 0.33, 0.43)"
